source,side,series,period,title,url,date
금융위원회,en,household_loan,2025-12,"Household Loans, December 2025",https://www.fsc.go.kr/eng/pr010101/86046?srchCtgry=&curPage=4&srchKey=&srchText=&srchBeginDt=&srchEndDt=,2026-01-14
금융위원회,en,household_loan,2025-11,"Household Loans, November 2025",https://www.fsc.go.kr/eng/pr010101/85822?srchCtgry=&curPage=5&srchKey=&srchText=&srchBeginDt=&srchEndDt=,2025-12-10
금융위원회,en,household_loan,2025-10,"Household Loans, October 2025",https://www.fsc.go.kr/eng/pr010101/85635?srchCtgry=&curPage=6&srchKey=&srchText=&srchBeginDt=&srchEndDt=,2025-11-13
금융위원회,en,household_loan,2025-09,"Household Loans, September 2025",https://www.fsc.go.kr/eng/pr010101/85414?srchCtgry=&curPage=6&srchKey=&srchText=&srchBeginDt=&srchEndDt=,2025-10-16
금융위원회,en,household_loan,2025-08,"Household Loans, August 2025",https://www.fsc.go.kr/eng/pr010101/85263?srchCtgry=&curPage=6&srchKey=&srchText=&srchBeginDt=&srchEndDt=,2025-09-10
금융위원회,en,household_loan,2025-07,"Household Loans, July 2025",https://www.fsc.go.kr/eng/pr010101/85095?srchCtgry=&curPage=7&srchKey=&srchText=&srchBeginDt=&srchEndDt=,2025-08-13
금융위원회,en,household_loan,2025-06,"Household Loans, June 2025",https://www.fsc.go.kr/eng/pr010101/84898?srchCtgry=&curPage=7&srchKey=&srchText=&srchBeginDt=&srchEndDt=,2025-07-09
금융위원회,en,household_loan,2025-05,"Household Loans, May 2025",https://www.fsc.go.kr/eng/pr010101/84743?srchCtgry=&curPage=7&srchKey=&srchText=&srchBeginDt=&srchEndDt=,2025-06-11
금융위원회,en,household_loan,2025-04,"Household Loans, April 2025",https://www.fsc.go.kr/eng/pr010101/84558?srchCtgry=&curPage=8&srchKey=&srchText=&srchBeginDt=&srchEndDt=,2025-05-14
금융위원회,en,household_loan,2025-03,"Household Loans, March 2025",https://www.fsc.go.kr/eng/pr010101/84336?srchCtgry=&curPage=8&srchKey=&srchText=&srchBeginDt=&srchEndDt=,2025-04-10
금융위원회,en,household_loan,2025-02,"Household Loans, February 2025",https://www.fsc.go.kr/eng/pr010101/84127?srchCtgry=&curPage=8&srchKey=&srchText=&srchBeginDt=&srchEndDt=,2025-03-12
금융위원회,en,household_loan,2025-01,"Household Loans, January 2025",https://www.fsc.go.kr/eng/pr010101/83994?srchCtgry=&curPage=8&srchKey=&srchText=&srchBeginDt=&srchEndDt=,2025-02-12
금융위원회,en,household_loan,2024-12,"Household Loans, December 2024",https://www.fsc.go.kr/eng/pr010101/83859?srchCtgry=&curPage=9&srchKey=&srchText=&srchBeginDt=&srchEndDt=,2025-01-15
금융위원회,en,household_loan,2024-11,"Household Loans, November 2024",https://www.fsc.go.kr/eng/pr010101/83581?srchCtgry=&curPage=9&srchKey=&srchText=&srchBeginDt=&srchEndDt=,2024-12-11
금융위원회,en,household_loan,2024-10,"Household Loans, October 2024",https://www.fsc.go.kr/eng/pr010101/83380?srchCtgry=&curPage=10&srchKey=&srchText=&srchBeginDt=&srchEndDt=,2024-11-11
금융위원회,en,household_loan,2024-09,"Household Loans, September 2024",https://www.fsc.go.kr/eng/pr010101/83194?srchCtgry=&curPage=10&srchKey=&srchText=&srchBeginDt=&srchEndDt=,2024-10-11
금융위원회,en,household_loan,2024-08,"Household Loans, August 2024",https://www.fsc.go.kr/eng/pr010101/83064?srchCtgry=&curPage=10&srchKey=&srchText=&srchBeginDt=&srchEndDt=,2024-09-11
금융위원회,en,household_loan,2024-07,"Household Loans, July 2024",https://www.fsc.go.kr/eng/pr010101/82879?srchCtgry=&curPage=10&srchKey=&srchText=&srchBeginDt=&srchEndDt=,2024-08-12
금융위원회,en,household_loan,2024-06,"Household Loans, June 2024",https://www.fsc.go.kr/eng/pr010101/82645?srchCtgry=&curPage=11&srchKey=&srchText=&srchBeginDt=&srchEndDt=,2024-07-10
금융위원회,en,household_loan,2024-05,"Household Loans, May 2024",https://www.fsc.go.kr/eng/pr010101/82432?srchCtgry=&curPage=12&srchKey=&srchText=&srchBeginDt=&srchEndDt=,2024-06-12
금융위원회,en,household_loan,2024-04,"Household Loans, April 2024",https://www.fsc.go.kr/eng/pr010101/82276?srchCtgry=&curPage=12&srchKey=&srchText=&srchBeginDt=&srchEndDt=,2024-05-13
금융위원회,en,household_loan,2024-03,"Household Loans, March 2024",https://www.fsc.go.kr/eng/pr010101/82101?srchCtgry=&curPage=13&srchKey=&srchText=&srchBeginDt=&srchEndDt=,2024-04-11
금융위원회,en,household_loan,2024-02,"Household Loans, February 2024",https://www.fsc.go.kr/eng/pr010101/81871?srchCtgry=&curPage=13&srchKey=&srchText=&srchBeginDt=&srchEndDt=,2024-03-13
금융위원회,en,household_loan,2024-01,"Household Loans, January 2024",https://www.fsc.go.kr/eng/pr010101/81710?srchCtgry=&curPage=14&srchKey=&srchText=&srchBeginDt=&srchEndDt=,2024-02-14
금융위원회,en,household_loan,2023-12,"Household Loans, December 2023",https://www.fsc.go.kr/eng/pr010101/81440?srchCtgry=&curPage=15&srchKey=&srchText=&srchBeginDt=&srchEndDt=,2024-01-10
금융위원회,en,household_loan,2023-11,"Household Loans, November 2023",https://www.fsc.go.kr/eng/pr010101/81238?srchCtgry=&curPage=16&srchKey=&srchText=&srchBeginDt=&srchEndDt=,2023-12-13
금융위원회,en,household_loan,2023-10,"Household Loans, October 2023",https://www.fsc.go.kr/eng/pr010101/81043?srchCtgry=&curPage=17&srchKey=&srchText=&srchBeginDt=&srchEndDt=,2023-11-08
금융위원회,en,household_loan,2023-09,"Household Loans, September 2023",https://www.fsc.go.kr/eng/pr010101/80885?srchCtgry=&curPage=17&srchKey=&srchText=&srchBeginDt=&srchEndDt=,2023-10-12
금융위원회,en,household_loan,2023-08,"Household Loans, August 2023",https://www.fsc.go.kr/eng/pr010101/80737?srchCtgry=&curPage=18&srchKey=&srchText=&srchBeginDt=&srchEndDt=,2023-09-13
금융위원회,en,household_loan,2023-07,"Household Loans, July 2023",https://www.fsc.go.kr/eng/pr010101/80543?srchCtgry=&curPage=19&srchKey=&srchText=&srchBeginDt=&srchEndDt=,2023-08-09
금융위원회,en,household_loan,2023-06,"Household Loans, June 2023",https://www.fsc.go.kr/eng/pr010101/80381?srchCtgry=&curPage=19&srchKey=&srchText=&srchBeginDt=&srchEndDt=,2023-07-12
금융위원회,en,household_loan,2023-05,"Household Loans, May 2023",https://www.fsc.go.kr/eng/pr010101/80163?srchCtgry=&curPage=20&srchKey=&srchText=&srchBeginDt=&srchEndDt=,2023-06-09
금융위원회,en,household_loan,2023-04,"Household Loans, April 2023",https://www.fsc.go.kr/eng/pr010101/79956?srchCtgry=&curPage=21&srchKey=&srchText=&srchBeginDt=&srchEndDt=,2023-05-11
금융위원회,en,household_loan,2023-03,"Household Loans, March 2023",https://www.fsc.go.kr/eng/pr010101/79788?srchCtgry=&curPage=21&srchKey=&srchText=&srchBeginDt=&srchEndDt=,2023-04-10
금융위원회,en,household_loan,2023-02,"Household Loans, February 2023",https://www.fsc.go.kr/eng/pr010101/79565?srchCtgry=&curPage=22&srchKey=&srchText=&srchBeginDt=&srchEndDt=,2023-03-09
금융위원회,en,household_loan,2023-01,"Household Loans, January 2023",https://www.fsc.go.kr/eng/pr010101/79409?srchCtgry=&curPage=22&srchKey=&srchText=&srchBeginDt=&srchEndDt=,2023-02-09
금융위원회,en,household_loan,2022-11,"Household Loans, November 2022",https://www.fsc.go.kr/eng/pr010101/79073?srchCtgry=&curPage=23&srchKey=&srchText=&srchBeginDt=&srchEndDt=,2022-12-08
금융위원회,en,household_loan,2022-10,"Household Loans, October 2022",https://www.fsc.go.kr/eng/pr010101/78885?srchCtgry=&curPage=24&srchKey=&srchText=&srchBeginDt=&srchEndDt=,2022-11-09
금융위원회,en,household_loan,2022-09,"Household Loans, September 2022",https://www.fsc.go.kr/eng/pr010101/78718?srchCtgry=&curPage=25&srchKey=&srchText=&srchBeginDt=&srchEndDt=,2022-10-13
금융위원회,en,household_loan,2022-08,"Household Loans, August 2022",https://www.fsc.go.kr/eng/pr010101/78488?srchCtgry=&curPage=25&srchKey=&srchText=&srchBeginDt=&srchEndDt=,2022-09-08
금융위원회,en,household_loan,2022-07,"Household Loans, July 2022",https://www.fsc.go.kr/eng/pr010101/78259?srchCtgry=&curPage=26&srchKey=&srchText=&srchBeginDt=&srchEndDt=,2022-08-10
금융위원회,en,household_loan,2022-06,"Household Loans, June 2022",https://www.fsc.go.kr/eng/pr010101/78065?srchCtgry=&curPage=26&srchKey=&srchText=&srchBeginDt=&srchEndDt=,2022-07-12
금융위원회,en,household_loan,2022-05,"Household Loans, May 2022",https://www.fsc.go.kr/eng/pr010101/77914?srchCtgry=&curPage=27&srchKey=&srchText=&srchBeginDt=&srchEndDt=,2022-06-13
금융위원회,en,household_loan,2022-04,"Household Loans, April 2022",https://www.fsc.go.kr/eng/pr010101/77777?srchCtgry=&curPage=27&srchKey=&srchText=&srchBeginDt=&srchEndDt=,2022-05-11
금융위원회,en,household_loan,2022-03,"Household Loans, March 2022",https://www.fsc.go.kr/eng/pr010101/77669?srchCtgry=&curPage=28&srchKey=&srchText=&srchBeginDt=&srchEndDt=,2022-04-13
금융위원회,en,household_loan,2022-02,"Household Loans, February 2022",https://www.fsc.go.kr/eng/pr010101/77490?srchCtgry=&curPage=28&srchKey=&srchText=&srchBeginDt=&srchEndDt=,2022-03-10
금융위원회,en,household_loan,2022-01,"Household Loans, January 2022",https://www.fsc.go.kr/eng/pr010101/77358?srchCtgry=&curPage=29&srchKey=&srchText=&srchBeginDt=&srchEndDt=,2022-02-10
금융위원회,en,household_loan,2021-12,"Household Loans, December 2021",https://www.fsc.go.kr/eng/pr010101/77241?srchCtgry=&curPage=29&srchKey=&srchText=&srchBeginDt=&srchEndDt=,2022-01-13
금융위원회,en,household_loan,2021-11,"Household Loans, November 2021",https://www.fsc.go.kr/eng/pr010101/77020?srchCtgry=&curPage=30&srchKey=&srchText=&srchBeginDt=&srchEndDt=,2021-12-08
금융위원회,en,household_loan,2021-10,"Household Loans, October 2021",https://www.fsc.go.kr/eng/pr010101/76849?srchCtgry=&curPage=31&srchKey=&srchText=&srchBeginDt=&srchEndDt=,2021-11-10
금융위원회,en,household_loan,2021-09,"Household Loans, September 2021",https://www.fsc.go.kr/eng/pr010101/76670?srchCtgry=&curPage=32&srchKey=&srchText=&srchBeginDt=&srchEndDt=,2021-10-13
금융위원회,en,household_loan,2021-08,"Household Loans, August 2021",https://www.fsc.go.kr/eng/pr010101/76494?srchCtgry=&curPage=33&srchKey=&srchText=&srchBeginDt=&srchEndDt=,2021-09-08
금융위원회,en,household_loan,2021-07,"Household Loans, July 2021",https://www.fsc.go.kr/eng/pr010101/76382?srchCtgry=&curPage=33&srchKey=&srchText=&srchBeginDt=&srchEndDt=,2021-08-11
금융위원회,en,household_loan,2021-06,"Household Loans, June 2021",https://www.fsc.go.kr/eng/pr010101/76242?srchCtgry=&curPage=34&srchKey=&srchText=&srchBeginDt=&srchEndDt=,2021-07-14
금융위원회,en,household_loan,2021-05,"Household Loans, May 2021",https://www.fsc.go.kr/eng/pr010101/76063?srchCtgry=&curPage=35&srchKey=&srchText=&srchBeginDt=&srchEndDt=,2021-06-10
금융위원회,en,household_loan,2021-04,"Household Loans, April 2021",https://www.fsc.go.kr/eng/pr010101/75893?srchCtgry=&curPage=36&srchKey=&srchText=&srchBeginDt=&srchEndDt=,2021-05-12
금융위원회,en,household_loan,2021-03,"Household Loans, March 2021",https://www.fsc.go.kr/eng/pr010101/75750?srchCtgry=&curPage=38&srchKey=&srchText=&srchBeginDt=&srchEndDt=,2021-04-14
금융위원회,en,household_loan,2021-02,"Household Loans, February 2021",https://www.fsc.go.kr/eng/pr010101/75535?srchCtgry=&curPage=39&srchKey=&srchText=&srchBeginDt=&srchEndDt=,2021-03-10
금융위원회,en,household_loan,2021-01,"Household Loans, January 2021",https://www.fsc.go.kr/eng/pr010101/75358?srchCtgry=&curPage=40&srchKey=&srchText=&srchBeginDt=&srchEndDt=,2021-02-10
