ko,en,source,url,en_url,date,match_method
"[부실채권(고정이하여신) 현황]
ㅁ '26.6월말 국내은행의 부실채권비율은 0.63%로 전분기말(0.60%) 대비 0.03%p 상승 [전년 동기(0.59%) 대비 0.04%p 상승]
ㅇ 부실채권은 18.9조원으로 전분기말(17.7조원) 대비 1.2조원 증가하였으며, 기업여신(15.2조원), 가계여신(3.4조원), 신용카드채권(0.3조원) 順
ㅁ ’26.6월말 대손충당금 잔액(26.9조원)은 전분기말(26.7조원) 대비 0.2조원 증가
ㅇ '26.6월말 대손충당금적립률(142.9%)은 전분기말(150.4%) 대비 7.5%p 하락 [전년 동기(165.5%) 대비 22.6%p 하락]
[평가 및 향후 감독방향]
ㅁ 부실채권비율 장기평균과 은행권 수익성 및 자본비율 등 손실흡수능력 감안시 건전성 수준은 양호한 것으로 평가
ㅇ 다만, 일부 취약부문을 중심으로 부실채권비율 상승세가 이어지는 가운데, 중동상황 장기화, 국내외 금리상승 가능성 등을 감안할 때 선제적 건전성 관리 필요
ㅁ 금감원은 향후 경제여건 변화에 따른 신용위험 확대 가능성 등에 대비하여 은행권 건전성 현황에 대한 모니터링을 지속하는 한편, 은행권의 적극적인 부실채권 상매각 및 손실흡수능력 확충 등 건전성 관리 강화를 유도해 나갈 예정
※ 자세한 내용은 첨부파일을 참고하시기 바랍니다.","The delinquency rate on domestic banks’ won-denominated (WD) loans—calculated as the percentage of loans with principal or interest payments overdue for one month or longer—as of end-June 2026 stood at 0.56%, down 0.11%p from 0.67% a month earlier and up 0.04%p from 0.52% a year earlier. While the volume of newly delinquent loans decreased KRW0.7 trillion on month, that of resolved loans expanded KRW3.8 trillion.",금융감독원,https://www.fss.or.kr/fss/bbs/B0000188/view.do?nttId=226296&menuNo=200218&pageIndex=3,https://www.fss.or.kr/eng/bbs/B0000211/view.do?nttId=223992&menuNo=400010&pageIndex=1,2026-09-02,series+period:npl
"ㅁ '26.6월말 국내은행의 자본비율은 전분기말 대비 상승*하고, 모든 은행의 자본비율이 규제비율을 상회하는 등 양호한 수준을 유지
ㅁ 중동 상황 장기화 등 대외 불확실성이 지속되는 가운데 기준금리 인상 등 경제 여건 변화로 신용위험 확대 및 자본비율 하락 가능성이 상존함에 따라
ㅇ 국내은행이 건전성을 안정적으로 유지하면서 본연의 자금중개 역할을 충실히 이행해나갈 수 있도록 손실흡수능력 확충 및 자본적정성 관리를 강화 등을 유도할 예정
※ 자세한 내용은 첨부파일을 참고하시기 바랍니다.","Domestic banks’ common equity Tier 1 (CET1) capital ratio stood at 13.62% at the end of June 2026, up 0.12%p from three months earlier. The banks’ CET1 capital increased 2.2% (by KRW8.8 trillion) from three months ago based on net income and equity offerings. During the period, risk-weighted assets increased 1.7% (by KRW42.6 trillion). The CET1 capital grew faster than risk-weighted assets, leading to an increase in the CET1 capital ratio for Q2 2026. Meanwhile, Tier 1 capital ratio increased 0.08%p to 14.84%, and total capital ratio climbed 0.03%p to 15.77% as well. By contrast, leverage ratio declined 0.07%p to 6.59% in the April-to-June period.",금융감독원,https://www.fss.or.kr/fss/bbs/B0000188/view.do?nttId=225832&menuNo=200218&pageIndex=3,https://www.fss.or.kr/eng/bbs/B0000211/view.do?nttId=225840&menuNo=400010&pageIndex=1,2026-08-31,series+period:capital_ratio
"ㅁ '26년 상반기 카드사(1.3조원)는 신용판매 확대 등 영향으로, 비카드 여전사(2.2조원)는 신기술금융이익 증가 등에 기인하여 순이익 증가
ㅇ 연체율 및 고정이하여신비율 등 자산건전성 지표는 안정적인 수준을 유지하고 있으며, 대손충당금적립률과 조정자기자본비율은 규제비율을 상회하고 있어 손실흡수능력은 대체로 양호
ㅁ ’26년 중 카드사 및 비카드사 수익성 추이를 면밀히 모니터링하고, 자체 채무조정 활성화, 부실 우려 채권 관리강화 지속 유도 등을 통해 건전성 관리에도 만전을 기하도록 지도
※ 자세한 내용은 첨부파일을 참고하시기 바랍니다.","Eight credit card companies (CCCs) reported KRW1.2934 trillion in preliminary net income (under the IFRS) for the first half of 2026, up KRW68.3 billion or 5.6% from KRW1.2251 trillion a year earlier.",금융감독원,https://www.fss.or.kr/fss/bbs/B0000188/view.do?nttId=225267&menuNo=200218&pageIndex=4,https://www.fss.or.kr/eng/bbs/B0000211/view.do?nttId=225270&menuNo=400010&pageIndex=1,2026-08-27,series+period:specialized_credit_earnings
"ㅁ ’26.상반기 보험회사 당기순이익은 투자손익 등이 크게 개선되어 전년동기 대비 증가
ㅇ 또한, 금리 상승에 따른 금리부자산 가치 하락에도 불구하고 보험부채 감소 및 주식 가치 상승 등으로 총자본은 증가
ㅁ 최근 중동상황 장기화 등으로 금리?환율?주가 등 시장 변동성이 지속되고 있어 손익 및 재무건전성 관리를 강화할 필요
ㅁ 금융감독원은 보험회사의 당기손익, 재무건전성 등을 면밀히 모니터링하고 잠재리스크에 대해 선제적으로 대응할 계획
※ 자세한 내용은 첨부파일을 참고하시기 바랍니다.","Insurance companies (22 life insurance companies and 30 nonlife insurance companies) generated KRW9.0138 trillion in preliminary net income for the first half of 2026, up KRW1.0366 trillion or 13.0% from the same period a year earlier.",금융감독원,https://www.fss.or.kr/fss/bbs/B0000188/view.do?nttId=225268&menuNo=200218&pageIndex=5,https://www.fss.or.kr/eng/bbs/B0000211/view.do?nttId=225271&menuNo=400010&pageIndex=1,2026-08-27,series+period:insurance_earnings
"ㅁ ’26.상반기 중 국내은행 당기순이익은 13.8조원으로 전년 동기(14.7조원) 대비 △0.9조원 감소(△6.4%)
ㅇ 일반은행 순이익은 9.1조원으로 인터넷은행(+0.1조원)은 전년 동기 대비 증가한 반면, 시중(△0.3조원)?지방은행(△0.1조원)은 감소
ㅇ 특수은행 순이익은 4.6조원으로 전년 동기(5.3조원) 대비 △0.6조원 감소
ㅁ ‘26.상반기 국내은행의 당기순이익(13.8조원)은 전년 동기 대비 △0.9조원 감소
ㅇ 이는 이자이익 확대(+2.5조원)에도 불구하고, 비이자이익(△2.3조원)과 영업외손익(△0.1조원)이 감소하고 판관비가 증가(+0.7조원)한데 기인
ㅇ 한편, 중동發 지정학적 리스크 장기화, 美관세정책 및 기준금리 인상 전망 확대 등 불확실성이 증대되고 연체율 상승세가 이어지는 등 건전성 부담 요인도 상존
ㅁ 대내외 불확실성이 증대되는 상황임을 감안하여 연체율 상승 등 건전성 악화징후가 나타나는 취약부문 중심 모니터링을 강화하고, 은행권이 예상치 못한 충격에도 건전성을 유지하여 안정적 자금공급을 지속할 수 있도록 충당금 적립 등 손실흡수능력 확충을 지속 유도할 계획
※ 자세한 내용은 첨부파일을 참고하시기 바랍니다.","Domestic banks’ preliminary net income for the first half of 2026 amounted to KRW13.8 trillion, down KRW0.9 trillion or 6.4% from KRW14.7 trillion a year earlier. Commercial banks’ net income for H1 decreased from the same period a year earlier. In particular, internet-only banks’ net income increased on year. However, national banks and regional banks saw their net income decrease during the period. Meanwhile, specialized banks’ net income yearly declined as well.",금융감독원,https://www.fss.or.kr/fss/bbs/B0000188/view.do?nttId=224404&menuNo=200218&pageIndex=6,https://www.fss.or.kr/eng/bbs/B0000211/view.do?nttId=224687&menuNo=400010&pageIndex=1,2026-08-23,series+period:bank_earnings
"2026년 7월 가계대출 동향(잠정) 및 「
확대 가계부채 점검회의」
개최
◇ ’26.7월 全 금융권 가계대출은 +6.2조원 증가하여 전월(+8.3조원) 대비 증가폭 축소, 전년 동월(+2.2조원) 대비 증가폭 확대
◇ 전일 발표한 「
부동산 시장 안정을 위한 금융 종합대책」
의 차질없는 추진을 위해 유관기관 및 금융권의 적극적인 참여 독려
※ 【관련 국정과제】 58. 금융안정과 생산적 금융을 위한 가계부채 관리 ※ 자세한 내용은 첨부파일을 참고하시기 바랍니다.","In July 2026, the outstanding balance of household loans across all financial sectors increased KRW6.2 trillion (preliminary), rising at a slower pace compared with the previous month (up KRW8.3 trillion).",금융감독원,https://www.fss.or.kr/fss/bbs/B0000188/view.do?nttId=222754&menuNo=200218&pageIndex=7,https://www.fss.or.kr/eng/bbs/B0000211/view.do?nttId=222770&menuNo=400010&pageIndex=2,2026-08-14,series+period:household_loan
"ㅁ '26.6월 全 금융권 가계대출은 +8.3조원 증가하여 전월(+9.3조원) 대비 증가폭 축소, 전년 동월(+6.5조원) 대비 증가폭 확대
ㅁ 사내대출의 경우 1순위 근저당권 설정, 원리금 분할상환, 다주택자 취급 제한 등 기업들의 자율적 관리 노력 확산 기대
※ [관련 국정과제] 58. 금융안정과 생산적 금융을 위한 가계부채 관리
※ 자세한 내용은 첨부파일을 참고하시기 바랍니다.「」,-","In June 2026, the outstanding balance of household loans across all financial sectors increased KRW8.3 trillion (preliminary), growing at a slower pace compared with the previous month (up KRW9.3 trillion).",금융감독원,https://www.fss.or.kr/fss/bbs/B0000188/view.do?nttId=219148&menuNo=200218&pageIndex=13,https://www.fss.or.kr/eng/bbs/B0000211/view.do?nttId=221058&menuNo=400010&pageIndex=2,2026-07-09,series+period:household_loan
"2026년 7월 가계대출 동향
(잠정)
및
｢확대 가계부채 점검회의｣ 개최
◇
’26.7월 全 금융권 가계대출
은
+6.2조원 증가
하여
전월
(+8.3조원)
대비
증가폭 축소
,
전년 동월
(+2.2조원)
대비 증가폭 확대
*
증감액
(조원)
: (‘26.1월)+1.4 (2월)+2.9 (3월)+3.5 (4월)+3.5 (5월)+9.3 (6월)+8.3 (7월
p
)+6.2
◇
전일 발표한 ｢
부동산 시장 안정을 위한 금융 종합대책
｣의
차질없는 추진
을 위해
유관기관
및
금융권
의
적극적인 참여 독려
※ 【관련 국정과제】 58.
금융안정과 생산적 금융을 위한 가계부채 관리
1
2026년 7월 가계대출 동향
’26.7월
全금융권 가계대출
은 총
+6.2조원 증가
하여 전월
(+8.3조원)
대비
증가폭
이
축소
되었다.
주택담보대출
은
+3.5조원 증가
하여 전월
(+4.5조원)
대비
증가폭
이
축소
되었으며,
은행권
(+4.3조원→+3.4조원)
과
제2금융권
(+0.3조원→+0.1조원)
모두
증가폭
이
축소
되었다.
기타대출
은
+2.7조원 증가
하여 전월
(+3.8조원)
대비
증가폭
이
축소
되었으며,
이는
신용대출
의
증가폭
이
축소
(+2.6조원→+2.0조원)
된 점 등에 기인한다.
대출항목별 가계대출 증감 추이
(단위 : 조원)
’26.1월
2월
3월
4월
5월
6월
7월
p
주담대
+3.0
+4.1
+3.0
+5.5
+4.0
+4.5
+3.5
기타대출
△1.6
△1.2
+0.5
△2.0
+5.3
+3.8
+2.7
합계
+1.4
+2.9
+3.5
+3.5
+9.3
+8.3
+6.2
업권별
로 살펴보면 ’26.7월중
은행권 가계대출
은
+5.4조원 증가
하여, 전월
(+7.6조원)
대비
증가폭
이
축소
되었다. 세부적으로는
은행 자체 주담대
(+2.9조원→+2.5조원)
와
정책성대출
(+1.4조원→+0.9조원)
모두
증가폭
이
축소
되었으며,
기타대출
(+3.3조원→+2.0조원)
도
증가폭
이
축소
되었다.
※ 은행권 주택담보대출 증가 세부 현황
(조원)
:
(6월) 주담대(+4.3) = 은행자체(+2.9) + 디딤돌·버팀목(+1.0) + 보금자리론 등(+0.4)
↳ 일반(+1.7) + 집단(+1.5) + 전세(△0.4)
(7월
p
) 주담대(+3.4) = 은행자체(+2.5) + 디딤돌·버팀목(+1.1) + 보금자리론 등(△0.1)
↳ 일반(+2.0) + 집단(+0.9) + 전세(△0.4)
* 디딤돌·버팀목 기금 재원 증가액
(조원)
: (’26.4월)△0.7 (5월)△0.5 (6월)△0.6 (7월
p
)△0.5
제2금융권 가계대출
은
+0.8조원 증가
하여, 전월
(+0.8조원)
과 유사한
수준의
증가폭
이
유지
되었다.
상호금융권
(+0.2조원 → △0.7조원)
은
감소세
로
전환
된
반면,
저축은행
(△0.2조원 → +0.5조원)
및
여전사
(△0.2조원 → +0.3조원)
는
증가세
로
전환
되었으며,
보험
(+1.1조원 → +0.7조원)
은
증가폭
이
축소
되었다.
업권별 가계대출 증감 추이
(단위 : 조원)
'23년중
(1~12월)
'24년중
(1~12월)
'25년중
(1~12월)
'26년중
(1~7월)
6월
7월
6월
7월
6월
7월
6월
7월
p
은 행
+37.1
+5.8
+5.9
+46.2
+5.9
+5.4
+32.9
+6.2
+2.8
+21.0
+7.6
+5.4
제2금융권
△27.0
△2.6
△0.6
△4.6
△1.7
△0.2
+5.1
+0.3
△0.5
+14.2
+0.8
+0.8
상호금융
△27.6
△2.0
△1.7
△9.8
△1.0
△1.2
+10.6
+1.2
+0.4
+10.6
+0.2
△0.7
신 협
△4.4
△0.4
△0.3
△3.0
△0.3
△0.4
+1.5
+0.03
+0.1
+1.6
+0.002
+0.1
농 협
△15.7
△1.0
△0.9
△5.8
△0.4
△0.5
+3.6
+0.6
△0.3
+7.0
+0.3
△0.5
수 협
△0.8
△0.1
△0.02
+0.2
+0.02
+0.02
+0.2
△0.1
△0.1
△0.2
△0.01
+0.004
산 림
△0.4
△0.03
△0.03
△0.2
△0.01
△0.03
△0.1
△0.00
△0.02
+0.1
+0.02
+0.02
새마을
△6.3
△0.5
△0.5
△1.0
△0.3
△0.3
+5.3
+0.7
+0.7
+2.1
△0.2
△0.2
보 험
+2.8
+0.2
+0.5
+0.5
△0.2
△0.1
△1.9
△0.3
△0.4
+2.7
+1.1
+0.7
저축은행
△1.3
△0.1
+0.1
+1.5
△0.3
+0.2
△0.6
△0.04
△0.3
+0.2
△0.2
+0.5
여 전 사
△0.9
△0.7
+0.5
+3.2
△0.3
+0.8
△3.0
△0.6
△0.2
+0.7
△0.2
+0.3
全금융권합계
+10.1
+3.2
+5.2
+41.6
+4.2
+5.2
+38.0
+6.5
+2.3
+35.3
+8.3
+6.2
2
확대 가계부채 점검회의 개최
I.
회의 개요
이억원
금융위원장
주재로
’26.8.14일
(금)
은행연합회에서
관계기관 합동
｢
확대
가계부채 점검회의
｣를
개최
하였다. 이날 회의에는
재정경제부
,
국토
교통부
,
한국
은행
,
금융감독원
,
한국자산관리공사, 한국산업은행
,
한국주택
금융공사,
주택도시보증공사, SGI서울보증
등
관계기관
과
은행연합회
,
제2금융권
협회
,
5대 시중은행
등이
참석
하였다.
참석자
들은
7월 가계대출 동향
에 대해
논의
한 후, 어제
(8.13일)
발표된
｢
부동산 시장을 위한 금융 종합대책｣
의
이행
에
필요한 사항
들을
점검
하였다.
▪ (일시/장소)
‘26.8.14.(금) 10:3
0 / 은행연합회
▪ (참석)
금융위원장
(주재)
, 재정경제부, 국토교통부, 금융감독원, 한국은행, 한국자산
관리공사, 한국산업은행, 한국주택금융공사, 주택도시보증공사, SGI서울보증
,
은행연합회,
생
․
손보협회, 금융투자협회, 저축은행중앙회, 여신금융협회, 농협
․
수협
․
신협
․
새마을금고중앙회, 5대 시중은행
(KB국민, 하나, 신한, 우리, 농협)
등
II. 7월 가계대출 동향
이억원 금융위원장
은
“
휴가철
등으로
자금수요
가
증가
하는
7월
의
계절적 요인
*
에도 불구하고
주택담보대출
(+4.5조원 → +3.5조원)
,
기타대출
(+3.8조원 → +2.7조원)
증가세
가
둔화
된 것은
금융권
의
적극적인
자율관리 조치 시행
등에 따른
영향
으로 보인다”라고 평가하였다.
* 최근 5년 월평균 가계대출 증가규모 2.4조원 < 최근 5년 7월 평균 3.6조원
다만, “
수도권
을
중심
으로 한
가격 상승 기대
가 여전히 이어지고 있고,
주택거래량
증가
*
,
휴가철 자금수요
등
위험요인
이
상존
하는 만큼, 향후
가계대출 추이
등을
면밀
하게
모니터링
하여
철저히 관리
해 나갈 필요가 있다”고 강조하였다.
*
전국 주택 매매거래량
(만호, 국토부)
: (’25.12)6.3 (’26.1)6.1 (2)5.8 (3)7.2 (4)7.0 (5)6.6
(6)6.9
󰠌
수도권 APT 매매거래량
(만호)
: (’25.12)2.1 (’26.1)2.3 (2)2.2 (3)2.7 (4)2.8
(5)2.9
(6)3.0
Ⅲ
. 부동산 시장 안정을 위한 금융 종합대책
이억원 금융위원장
은 어제
(8.13일)
발표
한 ｢
부동산 시장안정을 위한 금융 종합대책
｣과 관련하여,
이번 대책의 핵심
은
일관된 수요관리 기조
는
유지
하는 가운데
주택공급
을
뒷받침
하고
청년
등
실수요자
에 대한
지원
은
강화
하는 것이라고
강조
하였다. 또한, 금번
대책
에
포함
된
과제
들이
차질 없이 이행
될 수 있도록
금융권
과
관계기관
의
적극적인 협조
를
당부하였다
먼저,
공급측면
에서는
원활한 자금지원
을 위해
PF사업자 보증공급 규모
확대계획
을
차질없이 이행
하고,
보증상품 신설
및
보증제도 개선
등을
조속히
시행
할 것을 요청하였다. 아울러,
캠코펀드 3조원 추가조성
및
은행·보험권
신디케이트론 확대조성
을 통한
신속한
부실사업장 정상화
를 위해 펀드 추가
조성 등에
필요한 사전조치
들을
선제적으로 이행
하여 줄 것을 강조하였다. 특히, 주택공급 촉진을 위해
금융업권별 자체펀드 내 부실사업장
에 대한
밀착 관리
하고,
금융감독원·산업은행
에 설치될
PF·건설사 애로해소 센터 설치
를
차질없이 준비
하여 줄 것을 당부하였다.
이어서,
금번 대책
으로
가계대출
총량목표
가
조정
되는 만큼,
금융권
에서는
이주비
‧
중도금
‧
잔금대출
등
실수요 목적
의
자금
이
적시
에,
차질 없이
공급
될 수 있도록
만전
을 기해달라고
당부
하였다. 이를 위해
금융감독원
에는
금융
회사별 총량목표
조정
을 위한
금융권 협의
를
신속히
추진
해 줄 것을
요청하였다. 다만, 이번
총량목표 조정
이
시장
에서
대출관리 기조
의
완화
로
인식
되어
투기적 수요
를
자극
하지
않도록 유의
할
필요
가 있다고 언급하였다.
또한,
대출규제
는
차주
의
자금조달계획
에
직접적
인
영향
을 미치는 만큼
금융권
에서
규제선상
에 놓인
차주
들을
현장
에서
세심
하게
배려
하는 것이
매우 중요
하다고
강조하며, 금번
제도 개선
에 따라
금융회사 일선 창구
에서
업무처리
에
혼선
이 없도록
직원교육
,
전산시스템 정비
등에도
최선
을 다해달라고 언급하였다.
아울러,
주택금융공사
,
주택도시공사
,
SGI서울보증
에도 금번 대책에 따른
내규 개정
,
전산시스템 정비
등
후속조치
를
신속히 완료
하여
제도 시행
에 차질이 없도록
준비
해달라고
요청
하였다.
이에 대해,
금융감독원
은 “
주택공급 촉진
을 위해
주거사업장에 대한 PF
자기자본비율규제 도입을 한시유예하는 세부방안
을
조속히
마련
하고, 업권별
정상화펀드 내 사업장별
정상화계획 점검
및
PF 애로해소 지원센터 설치
등
밀착관리
해 나갈 것”이라고 밝혔다.
또한, “
실수요자 대출
이
원활히 취급
될 수 있도록
금융회사별 총량목표
를
수립
하기 위해
금융권
과
조속히 협의
할 예정이며,
금번 방안
의
차질없는 추진
을 위해
시행세칙 개정 등
필요한
제도 정비
도
적기
에
완료
하겠다”고 강조하였다.
산업은행
은 “
건설사 애로해소 센터를 설치
하여
건설사 유동성
전반에 대한
현황 점검
과 주택공급 관련
현장의 애로
를
청취
할 것이며, 자금애로 해소를 위한
각종 지원방안 등
을
안내할 예정
이다.”고 밝혔다.
이어서,
주택금융공사·주택도시보증공사·SGI서울보증
등은 “
신속한 주택
공급
과
실수요자 주거안정
에
필요한 자금
이
원활하게 공급
될 수 있도록 할 것”
이라면서, “구체적으로
PF사업자 보증공급
을
올해 23조원, 내년 33조원
으로
대폭 확대
하고,
신혼가구 및 청년층
을 대상으로
정책금융
과
보증지원
을
확대
하겠다”고 밝혔다.
자산관리공사
는
“신규 캠코펀드
를
조속히 조성
하여
부실사업장
정상화
를
신속히 추진
하고,
신디케이트론 및 금융업권별 자체펀드
등
민간부문
과도
지속적으로 협력
해나가겠다”고 밝혔다.
마지막으로,
은행연합회
는 “
주택공급
과 관련된
자금공급
이
충분히
이루어
지도록
금융권
에서도
노력
을
강화
하되,
신용대출
등에 대한
자율적인 관리 노력
은
일관
되게
지속
해나갈 계획”이라고 밝혔다.
이억원 금융위원장
은 “이번 대책이
현장에서 성공적
으로
작용
하기 위해서는
이 자리에 계신
관계부처
와
유관기관 및 금융권
의
적극적인 협조
가 필요하다”고 강조하며, “금융위는 앞으로도
주택공급 촉진
과
청년 등 실수요자 애로 해소
를 위한
제도적·정책적 지원
을 아끼지 않겠다”고 당부하였다.
한편,
금융위원회
는 ｢
부동산 시장
안정
위한
금융 종합대책
｣의
이행
을 위해
조속히
시행이 가능한 조치
들은
’26.8월중
즉시 시행
1)
하고,
행정적 조치, 법개정 조치
등이
필요한 과제
2)
는
최대한 신속
하게
추진
해 나갈 예정이다.
1)
PF사업자 보증공급 규모‧주거사업장 보증비율 100% 확대, 이주비대출 LTV 산정방식 합리화 등
2)
캠코펀드 신규 조성, 추가 이주비대출 보증상품 신설, 전세대출보증 제한 대상 확대 등","In July 2026, the outstanding balance of household loans across all financial sectors increased KRW6.2 trillion (preliminary), rising at a slower pace compared with the previous month
(up KRW8.3 trillion)
.
(By Type)
Home-backed mortgage loans increased KRW3.5 trillion, growing at a slower pace compared with the previous month
(up KRW4.5 trillion)
. Banks
(up KRW4.3 trillion → up KRW3.4 trillion)
and nonbanks
(up KRW0.3 trillion → up KRW0.1 trillion)
both saw the pace of growth decelerating.
Other types of loans edged up KRW2.7 trillion, rising at a slower pace compared the previous month
(up KRW3.8 trillion)
with credit loans growing at a slower level
(up KRW2.6 trillion → up KRW2.0 trillion)
.
(By Sector)
In July 2026, household loans in the banking sector rose KRW5.4 trillion, slowing down from the growth of KRW7.6 trillion in the previous month. Banks’ own mortgage loans
(up KRW2.9 trillion → up KRW2.5 trillion)
and policy-based mortgage loans
(up KRW1.4 trillion → up KRW0.9 trillion)
both edged up at slower rates. Other types of loans
(up KRW3.3 trillion → up KRW2.0 trillion)
also decelerated.
In the nonbanking sector, household loans rose KRW0.8 trillion, growing at a similar level seen in the previous month
(up KRW0.8 trillion)
. Mutual finance businesses
(up KRW0.2 trillion → down KRW0.7 trillion)
saw the pace of growth turning back lower, while savings banks
(down KRW0.2 trillion → up KRW0.5 trillion)
and specialized credit finance businesses
(down KRW0.2 trillion → up KRW0.3 trillion)
saw the pace of growth shifting back higher. Insurance companies
(up KRW1.1 trillion → up KRW0.7 trillion)
saw the pace of growth decelerating.
(Assessment)
In July 2026, the pace of household loan growth for home-backed mortgage loans
(up KRW4.5 trillion → up KRW3.5 trillion)
and other types of loans
(up KRW3.8 trillion → up KRW2.7 trillion)
slowed down due to the effects of self-regulatory and voluntary management measures implemented by financial companies.
However, since there are expectations that housing prices may increase in the Seoul metropolitan area with the presence of other risk factors such as a growth in housing transactions and seasonal demand hike, it is necessary to continue to closely monitor relevant trends and strictly manage the pace of household loan growth.
(Housing Finance Measures)
The comprehensive financial sector measures to stabilize the real estate market introduced yesterday are aimed at maintaining consistent and strict control over speculative demand while shoring up relevant measures to boost the supply of housing and expand the availability of financial support for non-speculative homebuyers and renters (particularly young adults).
In this regard, financial companies and related organizations are urged to actively participate in making sure a seamless implementation of the announced measures.
As the measures necessitate an upward adjustment of the previously set growth target for this year, financial companies should work to make sure that their freed up lending capacity is directed toward non-speculative homebuyers and renters in the form of relocation loans and so on for particular purposes that fit specific categories under the newly announced measures. In this regard, it is critical to make sure that the freed up lending capacity in the financial sector is not viewed as an easing of loan regulations or household loan management.
The FSC will work to swiftly implement the housing finance measures to help expand the supply of housing and boost support for non-speculative homebuyers and renters.
* Please refer to the attached PDF for details.",금융위원회,https://www.fsc.go.kr/no010101/87543?srchCtgry=&curPage=4&srchKey=&srchText=&srchBeginDt=&srchEndDt=,https://www.fsc.go.kr/eng/pr010101/87544?srchCtgry=&curPage=1&srchKey=&srchText=&srchBeginDt=&srchEndDt=,2026-08-14,series+period:household_loan
"2026년 6월 가계대출 동향
(잠정)
및
｢가계부채 점검회의｣ 개최
◇
’26.6월 全 금융권 가계대출
은
+8.3조원 증가
하여
전월
(+9.3조원)
대비
증가폭 축소
,
전년 동월
(+6.5조원)
대비 증가폭 확대
* 증감액(조원) : (‘26.1월)+1.4 (2월)+2.9 (3월)+3.5 (4월)+3.5 (5월)+9.3
(6월
p
)+8.3
◇
사내대출
의 경우
1순위 근저당권 설정
,
원리금 분할상환
,
다주택자 취급 제한
등
기업들
의
자율적 관리 노력
확산
기대
※ 【관련 국정과제】 58.
금융안정과 생산적 금융을 위한 가계부채 관리
1
2026년 6월 중 동향
’26.6월중
全금융권 가계대출
은 총
+8.3조원 증가
하여 전월
(+9.3조원)
대비
증가폭
이
축소
되었다.
주택담보대출
은
+4.5조원 증가
하여 전월
(+4.0조원)
대비
증가폭
이
확대
되었다.
은행권
(+3.2조원→+4.3조원)
은
증가폭
이
확대
된 반면,
제2금융권
(+0.8조원→+0.3조원)
은
증가폭
이
축소
되었다.
기타대출
은
+3.7조원 증가
하여 전월
(+5.3조원)
대비
증가폭
이
축소
되었으며,
이는
신용대출 증가폭
이
축소
(+3.6조원→+2.6조원)
된 점 등에 기인한다.
대출항목별 가계대출 증감 추이
(단위 : 조원)
’25.12월
’26.1월
2월
3월
4월
5월
6월
p
주담대
+2.3
+3.0
+4.1
+3.0
+5.5
+4.0
+4.5
기타대출
△3.6
△1.6
△1.2
+0.5
△2.0
+5.3
+3.7
합계
△1.2
+1.4
+2.9
+3.5
+3.5
+9.3
+8.3
업권별
로 살펴보면 ’26.6월중
은행권 가계대출
은
+7.6조원 증가
하여, 전월
(+6.9조원)
대비
증가폭
이
확대
되었다. 세부적으로는
은행 자체 주담대
(+2.1조원→+2.9조원)
와
정책성대출
(+1.0조원→+1.4조원)
은
증가폭
이
확대
되었으며,
기타대출
(+3.7조원→+3.3조원)
은
증가폭
이
축소
되었다.
※ 은행권 주택담보대출 증가 세부 현황
(조원)
:
(5월) 주담대(+3.2) = 은행자체(+2.1) + 디딤돌·버팀목(+0.9) + 보금자리론 등(+0.1)
↳ 일반(+1.5) + 집단(+1.0) + 전세(△0.4)
(6월
p
) 주담대(+4.3) = 은행자체(+2.9) + 디딤돌·버팀목(+1.0) + 보금자리론 등(+0.4)
↳ 일반(+1.8) + 집단(+1.5) + 전세(△0.4)
* 디딤돌·버팀목 기금 재원 증가액
(조원)
: (’26.3월)△0.9 (4월)△0.7 (5월)△0.5
(6월
p
)△0.6
제2금융권 가계대출
은
+0.7조원 증가
하여, 전월
(+2.4조원)
대비
증가폭
이
축소
되었다.
상호금융권
(+0.8조원→+0.1조원)
은
증가폭
이
축소
된 반면,
보험
(+0.9조원→+1.0조원)
은
증가폭
이
소폭
확대
되었으며,
여전사
(+0.6조원→
△0.2조원)
및
저축은행
(+0.2조원→△0.3조원)
은
감소세
로
전환
되었다.
업권별 가계대출 증감 추이
(단위 : 조원)
'23년중
(1~12월)
'24년중
(1~12월)
'25년중
(1~12월)
'26년중
(1~6월)
5월
6월
5월
6월
5월
6월
5월
6월
p
은 행
+37.1
+4.2
+5.8
+46.2
+6.0
+5.9
+32.9
+5.2
+6.2
+15.7
+6.9
+7.6
제2금융권
△27.0
△1.6
△2.6
△4.6
△0.7
△1.7
+4.9
+0.7
+0.3
+13.3
+2.4
+0.7
상호금융
△27.6
△2.3
△2.0
△9.8
△1.5
△1.0
+10.6
+0.8
+1.2
+11.2
+0.8
+0.1
신 협
△4.4
△0.5
△0.4
△3.0
△0.3
△0.3
+1.5
△0.1
+0.03
+1.4
+0.2
△0.1
농 협
△15.7
△1.1
△1.0
△5.8
△0.9
△0.4
+3.6
+0.5
+0.6
+7.5
+0.5
+0.3
수 협
△0.8
△0.1
△0.1
+0.2
△0.03
+0.02
+0.2
△0.01
△0.1
△0.2
△0.02
△0.01
산 림
△0.4
△0.04
△0.03
△0.2
△0.02
△0.01
△0.1
△0.01
△0.002
+0.1
+0.02
+0.02
새마을
△6.3
△0.5
△0.5
△1.0
△0.3
△0.3
+5.3
+0.4
+0.7
+2.4
+0.1
△0.2
보 험
+2.8
+0.4
+0.2
+0.5
+0.1
△0.2
△1.9
△0.3
△0.3
+2.0
+0.9
+1.0
저축은행
△1.3
△0.03
△0.1
+1.5
+0.1
△0.3
△0.8
+0.3
△0.04
△0.3
+0.2
△0.3
여 전 사
△0.9
+0.3
△0.7
+3.2
+0.7
△0.3
△3.0
△0.1
△0.6
+0.4
+0.6
△0.2
全금융권합계
+10.1
+2.6
+3.2
+41.6
+5.3
+4.2
+37.8
+5.9
+6.5
+29.0
+9.3
+8.3
2
가계부채 점검회의 개최
[
회의 개요
]
금융위원회
는
신진창 사무처장
주재로
’26.7.9일
(목)
관계기관 합동
｢
가계
부채 점검회의
｣를
개최
하였다. 이날 회의에는
재정경제부
,
한국은행
,
금융
감독원
등
관계기관
과
은행연합회
,
제2금융권 협회
,
5대 시중은행
등이
참석
하였다.
금일 회의
에서
참석자들
은
6월 全 금융권 가계대출 동향
과
하반기 리스크
요인
등을
논의
하였다.
▪ (일시/장소)
‘26.7.9.(목) 10:0
0, 정부서울청사
▪ (참석)
금융위 사무처장
(주재)
, 재정경제부, 금융감독원, 한국은행, 은행연합회, 생
․
손보협회, 저축은행중앙회, 여신금융협회, 농협
․
수협
․
신협
․
산림조합
․
새마을금고중앙회, 5대 시중은행
(KB국민, 하나, 신한, 우리, 농협)
등
▪ (논의)
6월 全 금융권 가계대출 동향 및 하반기 리스크 요인 등
[
주요 논의사항
]
(1) 6월 가계대출 동향 및 평가
신진창 사무처장
은 “
6월 주택담보대출
(+4.5조원)
은
최근 주택 거래량
증가
1)
,
旣승인된 집단대출 실행 확대
2)
등에 따라
전월
(+4.0조원)
대비
증가
하였으나,
은행권
신용대출 자율관리 조치
등의 영향으로
기타대출 증가
규모
가
전월대비 다소 감소
(+5.3조원 → +3.7조원)
하여
가계대출 증가폭
이
전월대비
(+9.3조원 → +8.3조원)
축소
되었다”고 평가하였다.
1)
전국 주택 매매거래량
(만호, 국토부)
: (’25.11)6.1 (12)6.3 (’26.1)6.1 (2)5.8 (3)7.2 (4)7.0
(5)6.6
󰠌
수도권 APT 매매거래량
(만호)
: (’25.11)2.1 (12)2.1 (’26.1)2.3 (2)2.2 (3)2.7 (4)2.8
(5)2.9
2)
全금융권 주택담보대출 증감 추이
(조원)
: (’26.1)+3.0 (2)+4.1 (3)+3.0 (4)+5.5 (5)+4.0
(6)+4.5
󰠌
은행권+상호금융권 집단대출
(조원)
: (’26.1)△0.5 (2)+0.3 (3)+0.6 (4)+2.7 (5)+1.8
(6)+1.9
또한, “
통상적
으로
주택 매매계약 후
2~3개월의 시차
를 두고
주담대
가
실행
되는 점을 감안할 때,
양도소득세 중과 유예 종료
(5.9일)
이전 확대
된
거래량
의
영향
이
당분간 주담대
에
반영
될
가능성
이 있다”고 언급하며, “특히 최근에는
보험계약대출
(약관대출)
‧ 카드론
등
2금융권
기타대출
의
변동성
이
지속 확대
되고 있는 만큼
은행권
은 물론
보험
,
여전
,
상호금융
등
全 금융권
이
긴장의 끈
을 놓지 말고
가계대출 관리 노력
을
한층 강화
해
달라”고 당부하였다.
아울러, “
신용대출
의
향후 변동성 확대 가능성
에
대비
하여
선제적인
리스크 관리
가
필요
하다”고 밝히며, “
소위 ‘
빚투
’의 경우
손실 발생
시
충격
이
더 크기 때문
에
투자자 본인
이
감내 가능한 범위 내
에서
엄격
하게
리스크
를
관리
해 나가야 한다”고 강조하였다.
(2) 사내대출 자율관리 협조 요청
참석자들은
기업
의
임직원 대상 주택자금 지원
과 관련된
사내대출
은
임직원 복지차원
에서
제공
되는 것으로,
금융회사의 건전성
및
차주의 상환
능력
을 고려하여
공적인 규제
가
적용
되어야 하는
금융권 가계대출
과는
성격이 다르다
는 데에 의견을 같이하였다. 다만, 참석자들은
고액 사내
대출
이
금융권 대출
과
합쳐질 경우
, 차주의
상환능력 범위 내
에서
갚을 수 있는 만큼 빌린다
는
원칙
이
훼손
될 수 있다는 우려도 제기하였다.
이에
신진창 사무처장
은 “
사내대출
에 대해
가계대출 규제
를
직접
적용
하는
것은
어렵지만
,
과도
한
사내대출
이
주택시장
의
불안정성
을
확대
시킬 수 있는
만큼,
1순위 근저당권 설정
,
원리금 분할상환
,
다주택자 취급 제한
,
고가 주택 제한
,
주택 면적 제한
등
기업들
의
자율적인 관리 노력
이
더욱 확산
되기를
기대
한다”고 언급하였다.
금융위원회 신진창 사무처장
은 “
한 해의 절반
이 지난
시점
인 만큼,
全
금융권
이
연간 관리목표
를
차질 없이 달성
할 수 있도록
하반기 영업전략
과
월별‧분기별 관리계획
을 다시 한 번
점검
할 필요가 있다”고 강조하며,
“
시장금리
가
상승
하는
과정
에서
서민
․
취약계층
의
피해
가
발생
하지
않도록
고객
과
현장
을
가장 잘 아는
금융회사
에서
더욱 세심
하게
배려
해 달라”고 당부하였다.","In June 2026, the outstanding balance of household loans across all financial sectors increased KRW8.3 trillion (preliminary), growing at a slower pace compared with the previous month
(up KRW9.3 trillion)
.
(By Type)
Home-backed mortgage loans grew KRW4.5 trillion, rising at a slightly faster pace compared with the previous month
(up KRW4.0 trillion)
. Mortgage loans rose more rapidly in the banking sector
(up KRW3.2 trillion → up KRW4.3 trillion)
, while growing at a slower pace in the nonbanking sector
(up KRW0.8 trillion → up KRW0.3 trillion)
.
Other types of loans grew KRW3.7 trillion, rising at a slower pace compared with the previous month
(up KRW5.3 trillion)
, with credit loans
(up KRW3.6 trillion → up KRW2.6 trillion)
edging up more slowly.
(By Sector)
In June 2026, household loans in the banking sector rose KRW7.6 trillion, growing more rapidly from the previous month
(up KRW6.9 trillion)
. Banks’ own mortgage loans
(up KRW2.1 trillion → up KRW2.9 trillion)
and policy-based mortgage loans
(up KRW1.0 trillion → up KRW1.4 trillion)
edged up more rapidly, while other types of loans
(up KRW3.7 trillion → up KRW3.3 trillion)
expanded at a slower pace.
In the nonbanking sector, household loans went up KRW0.7 trillion, growing at a slower pace compared with the previous month
(up KRW2.4 trillion)
. Mutual finance businesses
(up KRW0.8 trillion → up KRW0.1 trillion)
saw household loans rising at a slower pace, while insurance companies
(up KRW0.9 trillion → up KRW1.0 trillion)
saw a slight increase the pace of growth. Specialized credit finance businesses
(up KRW0.6 trillion → down KRW0.2 trillion)
and savings banks
(up KRW0.2 trillion → down KRW0.3 trillion)
saw household loans shifting back lower from the growth seen in the previous month.
(Assessment)
In June 2026, home-backed mortgage loans
(up KRW4.0 trillion → up KRW4.5 trillion)
went up at a faster pace due to recent increases in housing transactions and group lending for apartment subscription. However, other types of loans
(up KRW5.3 trillion → up KRW3.7 trillion)
including credit loans expanded at a slower pace backed by the banking sector’s own self-regulatory measures to curb credit loans. This helped to slow down the pace of overall household loan growth in June
(up KRW9.3 trillion → up KRW8.3 trillion)
.
Considering that there is usually a time lag between the time of housing transaction and the time that mortgage loan is being issued, it remains possible to see increased volumes in mortgage loans for some time. Therefore, financial companies are urged to step up efforts to manage the pace of household loan growth.
As it is possible to see credit loans increasing more rapidly in the future due to significant demands for stock investments, it is necessary to proactively manage the pace of growth in credit loans. In this regard, individual investors are advised to make investments within their own risk appetite and with full awareness of the risks involved.
With regard to companies’ own internal employee lending programs, individual companies are urged to bolster self-management measures to help prevent the spread of instability in the housing market.
* Please refer to the attached PDF for details.",금융위원회,https://www.fsc.go.kr/no010101/87297?srchCtgry=&curPage=10&srchKey=&srchText=&srchBeginDt=&srchEndDt=,https://www.fsc.go.kr/eng/pr010101/87298?srchCtgry=&curPage=1&srchKey=&srchText=&srchBeginDt=&srchEndDt=,2026-07-09,series+period:household_loan
"2026년 5월 가계대출 동향
(잠정)
및
｢가계부채 점검회의｣ 개최
◇
’26.5월 全 금융권 가계대출
은
+9.3조원 증가
하여
전월
(+3.5조원)
및
전년 동월
(+5.9조원)
대비 증가폭 확대
*
증감액(조원) : (‘25.12월)△1.2 (‘26.1월)+1.4 (2월)+2.9 (3월)+3.5 (4월)+3.5
(5월
p
)+9.3
-
비상관리 체계
를
가동
하여
목표 미준수 금융회사
집중 점검
실시
(
매주
)
-
고액 연봉자 신용대출 한도 축소
등
은행권
의
자율관리 조치
추진
◇
가계대출 차주
의
추가약정
*
위반행위
총 1,174건 적발
**
(은행권,
’
26.1분기)
* 기존주택 처분 약정, 추가 주택구입금지 약정, 전입 의무 등
** 적발 시 대출회수, 향후 3년간 全 금융권 주택 관련 대출 제한 등
※ 【관련 국정과제】 58.
금융안정과 생산적 금융을 위한 가계부채 관리
1
2026년 5월 중 동향
’26.5월
全금융권 가계대출
은 총
+9.3조원 증가
하여 전월
(+3.5조원)
대비
증가폭
이
확대
되었다.
주택담보대출
은
+4.0조원 증가
하여 전월
(+5.5조원)
대비
증가폭
이
축소
되었으며,
은행권
(+2.7조원→+3.2조원)
은
증가폭
이
확대
된 반면,
제2금융권
(+2.8조원→+0.8조원)
은
증가폭
이
축소
되었다.
기타대출
은
+5.3조원 증가
하여 전월
(△2.0조원)
대비
증가세
로
전환
되었으며,
이는
신용대출
이
증가세
로
전환
(△0.9조원→+3.4조원)
된 점 등에 기인한다.
대출항목별 가계대출 증감 추이
(단위 : 조원)
’25.11월
12월
’26.1월
2월
3월
4월
5월
p
주담대
+3.1
+2.3
+3.0
+4.1
+3.0
+5.5
+4.0
기타대출
+1.3
△3.6
△1.6
△1.2
+0.5
△2.0
+5.3
합계
+4.4
△1.2
+1.4
+2.9
+3.5
+3.5
+9.3
업권별
로 살펴보면 ’26.5월
은행권 가계대출
은
+6.9조원 증가
하여,
전월
(+2.1조원)
대비
증가폭
이
확대
되었다. 세부적으로는
은행 자체 주담대
(+1.4조원→+2.1조원)
는
증가폭
확대
된 반면,
정책성대출
(+1.4조원→+1.1조원)
은
증가폭
이
축소
되었으며,
기타대출
(△0.6조원→+3.7조원)
은
증가세
로
전환
되었다.
※ 은행권 주택담보대출 증가 세부 현황
(조원)
:
(4월) 주담대(+2.7) = 은행자체(+1.4) + 디딤돌·버팀목(+1.0) + 보금자리론 등(+0.4)
↳ 일반(+1.0) + 집단(+0.8) + 전세(△0.4)
(5월
p
) 주담대(+3.2) = 은행자체(+2.1) + 디딤돌·버팀목(+0.9) + 보금자리론 등(+0.1)
↳ 일반(+1.5) + 집단(+1.0) + 전세(△0.4)
* 디딤돌·버팀목 기금 재원 증가액
(조원)
: (’26.2월)△0.7 (3월)△0.9 (4월)△0.7 (5월
p
)△0.5
제2금융권 가계대출
은
+2.3조원 증가
하여, 전월
(+1.4조원)
대비
증가폭
이
확대
되었다.
상호금융권
(+2.1조원→+0.7조원)
은
증가폭
이
축소
된 반면,
보험
(△0.4조원→+0.9조원),
여전사
(△0.2조원→+0.6조원)
및
저축은행
(△0.02조원→+0.2조원)
은
증가세
로
전환
되었다.
업권별 가계대출 증감 추이
(단위 : 조원)
'23년중
(1~12월)
'24년중
(1~12월)
'25년중
(1~12월)
'26년중
(1~5월)
4월
5월
4월
5월
4월
5월
4월
5월
p
은 행
+37.1
+2.3
+4.2
+46.2
+5.1
+6.0
+32.9
+4.7
+5.2
+8.1
+2.1
+6.9
제2금융권
△27.0
△2.2
△1.6
△4.6
△1.0
△0.7
+4.9
+0.5
+0.7
+12.6
+1.4
+2.3
상호금융
△27.6
△2.6
△2.3
△9.8
△2.1
△1.5
+10.6
+0.3
+0.8
+11.0
+2.1
+0.7
신 협
△4.4
△0.4
△0.5
△3.0
△0.4
△0.3
+1.5
+0.02
△0.1
+1.4
+0.3
+0.2
농 협
△15.7
△1.5
△1.1
△5.8
△1.0
△0.9
+3.6
△0.3
+0.5
+7.2
+1.6
+0.5
수 협
△0.8
△0.2
△0.1
+0.2
△0.05
△0.03
+0.2
△0.02
△0.01
△0.2
△0.01
△0.02
산 림
△0.4
△0.04
△0.04
△0.2
△0.02
△0.02
△0.1
△0.01
△0.01
+0.1
+0.02
+0.02
새마을
△6.3
△0.6
△0.5
△1.0
△0.6
△0.3
+5.3
+0.5
+0.4
+2.5
+0.1
+0.1
보 험
+2.8
+0.1
+0.4
+0.5
△0.02
+0.1
△1.9
+0.01
△0.3
+1.0
△0.4
+0.9
저축은행
△1.3
+0.05
△0.03
+1.5
+0.5
+0.1
△0.8
+0.4
+0.3
△0.03
△0.02
+0.2
여 전 사
△0.9
+0.2
+0.3
+3.2
+0.6
+0.7
△3.0
△0.1
△0.1
+0.6
△0.2
+0.6
全금융권합계
+10.1
+0.1
+2.6
+41.6
+4.0
+5.3
+37.8
+5.3
+5.9
+20.7
+3.5
+9.3
2
가계부채 점검회의 개최
[
회의 개요
]
금융위원회
는
신진창 사무처장
주재로
’26.6.11일
(목)
관계기관 합동
｢
가계
부채 점검회의
｣를
개최
하였다. 이날 회의에는
재정경제부
,
한국은행
,
금융
감독원
등
관계기관
과
은행연합회
,
제2금융권 협회
,
5대 시중은행
등이
참석
하였다.
금일 회의
에서
참석자들
은
➊
’2
6.5월 全 금융권 가계대출 동향
및
대응방안
을
점검
하고,
➋
가계대출 추가약정 이행 현황
등을
논의
하였다.
▪ (일시/장소)
‘26.6.11.(목) 10:0
0, 정부서울청사
▪ (참석)
금융위 사무처장
(주재)
, 재정경제부, 금융감독원, 한국은행, 은행연합회, 생
․
손보협회, 저축은행중앙회, 여신금융협회, 농협
․
수협
․
신협
․
산림조합
․
새마을금고중앙회, 5대 시중은행
(KB국민, 하나, 신한, 우리, 농협)
등
▪ (논의)
’26.5월 全 금융권 가계대출 동향,
가계대출 추가약정 이행 현황
[
주요 논의사항
]
(1) 가계대출 동향 및 향후 대응방안
신진창 사무처장
은 “
5월 주담대
(+4.0조원)
는
최근 주택 거래량 증가
1)
,
중도금 등
旣승인된 집단대출 실행 확대
2)
등에도 불구하고
전월
(+5.5조원)
대비
축소
되었으나,
5월 가정의 달
자금수요
,
주식시장
등의 영향으로
한도
대출
3)
(마이너스 통장)
을
중심
으로 한
기타대출 증가폭
이
크게 확대
(
△
2.0조원 → +5.3조원)
되었다”고 평가하였다.
1)
전국
주택 매매거래량
(만호, 국토부)
: (’25.11)6.1 (12)6.3 (’26.1)6.1 (2)5.8 (3)7.2 (4)
7.0
󰠌 수도권 APT 매매거래량
(만호)
: (’25.11)2.1 (12)2.1 (’26.1)2.3 (2)2.2 (3)2.7 (4)
2.8
2)
全금융권 주택담보대출 증감 추이
(조원)
: (’26.1)
+3.0
(2)
+4.1
(3)
+3.0
(4)
+5.5
(5)
+4.0
↳ 은행권+상호금융권 집단대출
(조원)
: (’26.1)△0.5
(2)
+0.3
(3)
+0.6
(4)
+2.7
(5)
+1.8
3) 은행권 기타대출 증감 추이
(조원)
: (’26.1)△0.4
(2)△0.7 (3)+0.5 (4)△0.6
(5)
+3.7
↳ 한도대출 증감 추이
(조원)
: (’26.1)△0.3
(2)△0.5 (3)+0.7 (4)△0.6
(5)
+2.6
특히, “향후
다주택자 양도소득세 중과 유예 종료
(5.9일)
등에 따라 출회된
매물
이 시장에서
소화
되는 과정에서
주택담보대출
이 다시
확대
될
가능성
이
있고,
신용대출
의
변동성
도 계속 커질 수 있는 만큼
全 금융권
이
엄중한 경각심
을 갖고
선제적
인
가계대출 자율관리 조치
를
더욱 강화
해 달라”고 당부하였다.
이에
은행권 관계자
들은
최근
의
신용대출 증가세 확대
에
우려
를 표하며,
고액 연봉자
의
신규 신용대출 한도 축소
,
신용대출
의
중도상환수수료 면제
를
통한
상환 유도
등
다양한 자율관리 조치
를
적극 추진
해 나가기로 하였다.
개별 은행들
은
자체 관리목표
와
경영전략
등을 종합적으로 고려하여
세부
시행방안
을
마련
하고, 관련 조치를
최대한 신속
하게
추진
해 나갈 예정이다
.
(2) 가계대출 추가약정 이행 현황 점검
금융감독원은
은행
이 가계대출을 취급할 때 차주와 체결한
추가약정
에
대해
차주
의
약정 이행 현황
을
지속적으로 점검
하고 있다. 차주는 특정
유형의 가계대출을 받을 때 관련 규제에 따라 금융회사와
➊
기존 주택 처분
약정,
➋
추가주택 구입금지 약정,
➌
전입약정
등
추가약정
※
을 체결하고 있다.
금융회사
는 추가약정을 맺은 대출의
약정
이행 여부
를
상시 점검
하여
추가약정 위반 사례
를
적발
하고 있으며,
금감원
은
금융회사
의
점검, 사후조치
등
업무처리
의
적정성
에 대하여 면밀히 살펴보고 있다.
※ 가계대출 추가약정 유형
➊
(
처분약정)
1주택 보유세대가 규제지역 주택구입목적 주담대를 받으면 대출실행일
로부터 일정기간
(6개월)
이내에 기존주택 처분 필요
➋
(
추가주택 구입금지 약정)
생활안정자금 대출, 누적 1억원 초과 신용대출, 전세
자금대출 등을 받은 경우 추가주택 구입금지
*
* (
생활안정자금) 주택 보유세대가 생활안정자금 주담대를 받으면 대출기간 동안 신규주택 추가 구입금지
(고액신용대출)
누적 1억원 초과 신용대출 시 대출실행일로부터 1년간 규제지역 주택 추가 구입금지
(전세자금대출) 전세자금대출 시 규제대상 아파트 구입 금지, 2주택 이상 보유 금지
➌
(
전입약정)
무주택 세대가 규제지역 주택구입목적 주담대를 받으면 일정기간
(6개월)
이내에 해당 주택 전입 필요
금년 1분기 중
*
은행권
에서
적발
한 가계대출 추가약정
위반 건수
는
총 1,174
건으로, 이 중
➊
처분약정 56건
,
➋
추가주택 구입금지 약정 1,106건
,
➌
전입약정 12건
위반이 적발
되었다. 위반이 적발되는 경우 약정에 따라
대출회수 조치
가 이루어지며,
신용정보원에 약정위반 사실
이
등록
되어
향후
3년간 全 금융권
에서
주택 관련 대출
이
제한
된다. 향후
금감원
은 금융
회사와 함께
추가약정 위반 여부
에 대한
점검
을
상시 실시
하고,
적발 건
에
대해
대출회수 등 사후조치
가
빠짐없이 이루어지도록 지도
해나갈 예정이다.
* (참고) ‘18년부터 ’26.1분기까지 가계대출 추가약정 체결분 565.1만건 중
561.1만건(99.3%)가 약정 이행
(누적 위반 건수는 총 4.0만건)
※ 추가약정 위반 사례
▪
(사례1)
1주택 보유 차주 OOO는 규제지역 내 주택구입목적 주담대를 받으면서 6개월 내에 기존 주택을 처분하기로 약정하였으나, 처분하지 않음
▪
(사례2)
1주택 보유 차주 ◎◎◎는 생활안정자금 주택담보대출을 받으면서 대출 기간 동안 신규주택 추가 구입금지 약정을 체결하였으나 동일 세대원 △△△이 □□ 아파트를 구입
▪
(
사례3)
무주택 차주 ◇◇◇는 규제지역 주택구입목적 주담대를 받으면서 6개월 내
해당 주택에 전입하기로 약정을 체결하였으나, 전입하지 않음
금융위원회 신진창 사무처장
은 “
지금
은
관계기관
과
全 금융권
이
전력
을 다해
가계부채
를
철저
하게
관리
해야 할
시점
”이라고 언급하며, “향후
가계부채
증가 추세
가
안정화
될 때까지
관리목표 미준수 금융회사
에 대한
점검
회의
*
를
매주 개최
하여
관리계획 이행현황
등을
집중 점검
하는
가계부채
비상 관리
체계
를
가동
해 나가겠다”고 밝혔다.
* (참석자) 금융위
(금정국장 주재)
, 금감원, 5대 은행, 관리목표 미준수 금융회사 등
아울러,
“
정부
는
가계부채 관리
에 대해
한 치
의
흔들림 없는 일관
되고
확고한 기조
를
유지
하고 있다”고 강조하며, “
향후 시장 상황
등을 감안하여
준비
되어 있는
추가 대책
을
적기에
,
과감
하게
시행
해 나가겠다”고 밝혔다.","In May 2026, the outstanding balance of household loans across all financial sectors increased KRW9.3 trillion (preliminary), growing at a faster pace compared with the previous month
(up KRW3.5 trillion)
.
(By Type)
Home-backed mortgage loans edged up KRW4.0 trillion, rising at a slower pace compared with the previous month
(up KRW5.5 trillion)
. Mortgage loans rose more rapidly in the banking sector
(up KRW2.7 trillion → up KRW3.2 trillion)
, while growing at a slower pace in the nonbanking sector
(up KRW2.8 trillion → up KRW0.8 trillion)
.
Other types of loans went up KRW5.3 trillion, edging back up rapidly from a decline of KRW2.0 trillion a month ago, with credit loans
(down KRW0.9 trillion → up KRW3.4 trillion)
bouncing back up at rapidly.
(By Sector)
In May 2026, household loans in the banking sector rose KRW6.9 trillion, growing more rapidly from the previous month
(up KRW2.1 trillion)
. Banks’ own mortgage loans
(up KRW1.4 trillion → up KRW2.1 trillion)
increased at a faster pace, while policy-based mortgage loans
(up KRW1.4 trillion → up KRW1.1 trillion)
grew at a slower pace. Other types of loans
(up KRW3.7 trillion)
turned back up from a drop of KRW0.6 trillion in the previous month.
In the nonbanking sector, household loans went up KRW2.3 trillion, growing at a faster pace compared with the previous month
(up KRW1.4 trillion)
. Mutual finance businesses
(up KRW2.1 trillion → up KRW0.7 trillion)
saw household loans rising at a slower pace, while insurance companies
(down KRW0.4 trillion → up KRW0.9 trillion)
, specialized credit finance businesses
(down KRW0.2 trillion → up KRW0.6 trillion)
, and savings banks
(down KRW0.02 trillion → up KRW0.2 trillion)
all saw household loans edging back higher from the previous month.
(Assessment)
In May 2026, home-backed mortgage loans
(up KRW5.5 trillion → up KRW4.0 trillion)
went up at a slower pace despite recent increases in housing transactions and group lending for apartment subscription. However, other types of loans
(down KRW2.0 trillion → up KRW5.3 trillion)
including credit loans expanded at a considerably fast pace due to increased demand during the family month and booming stock market investment.
As it remains possible to see both credit loans and mortgage loans growing more rapidly in the coming months particularly with the expiration (on May 9) of the deferral of heavier capital gains tax on multi-home owners compelling them to release houses for sale, financial companies are urged to continue to proactively and strictly adhere to their household loan management targets.
In this regard, the banking sector plans to tighten credit lending to high-income earners by reducing maximum loan limits available and providing exemption for early repayment fees.
In the meantime, financial authorities plan to hold weekly inspection meetings to check on financial companies’ household debt management targets.
The government will continue to work to ensure a consistent and rigorous management over household debt and take steps to introduce and implement additional policy tools when it becomes necessary.
* Please refer to the attached PDF for details.",금융위원회,https://www.fsc.go.kr/no010101/87093?srchCtgry=&curPage=17&srchKey=&srchText=&srchBeginDt=&srchEndDt=,https://www.fsc.go.kr/eng/pr010101/87085?srchCtgry=&curPage=2&srchKey=&srchText=&srchBeginDt=&srchEndDt=,2026-06-15,series+period:household_loan
"2026년 4월 가계대출 동향
(잠정)
및
｢
가계부채 점검회의
｣ 개최
▴
’26.4월
全 금융권 가계대출
은
+3.5조원 증가
하여
전월
(+3.5조원)
과
동일
한
수준
이나,
전년 동월
(+5.3조원)
대비
증가폭
은
축소
*
증감액
(조원)
: (‘25.11월)+4.4 (12월)△1.2 (‘26.1월)+1.4 (2월)+2.9 (3월)+3.5
(4월
)+3.5
▴
사업자대출
용도외유용
등 부동산 관련 탈법·편법행위
점검 대폭 강화
-
고위험군 대출유형
관련
집중 현장점검
,
금융회사
의
사업자대출
심사·사후관리 적정성
점검 강화,
금융회사 자체 점검 확대
등
※ 【관련 국정과제】 58.
금융안정과 생산적 금융을 위한 가계부채 관리
1
2026년 4월 동향
’26.4월중
全금융권 가계대출
은 총
+3.5조원 증가
하여
전월
(+3.5조원)
과
유사한
증가폭
을
유지
하였다.
주택담보대출
은
+5.5조원 증가
하여 전월
(+3.0조원)
대비
증가폭
이
확대
되었으며,
은행권
(△0.02조원→+2.7조원)
은
증가세
로
전환
된 반면,
제2금융권
(+3.0조원→+2.8조원)
은
증가폭
은
축소
되었다.
기타대출
은
△2.0조원 감소
하여 전월
(+0.5조원)
대비
감소세
로
전환
되었으며,
그 중
신용대출
은
전월 대비 더 크게 감소
(△0.2조원→△0.8조원)
하였다.
대출항목별 가계대출 증감 추이
(단위 : 조원)
’25.10월
11월
12월
’26.1월
2월
3월
4월
p
주담대
+4.1
+3.1
+2.3
+3.0
+4.1
+3.0
+5.5
기타대출
+0.8
+1.3
△3.6
△1.6
△1.2
+0.5
△2.0
합계
+4.9
+4.4
△1.2
+1.4
+2.9
+3.5
+3.5
업권별
로 살펴보면 ’26.4월중
은행권 가계대출
은
+2.2조원 증가
하여, 전월
(+0.5조원)
대비
증가폭
이
확대
되었다. 세부적으로는
은행 자체 주담대
(△1.5조원→+1.3조원)
는
증가세
로
전환
된 반면,
정책성대출
(+1.5조원→+1.4조원)
은
증가폭 감소
,
기타대출
(+0.5조원→△0.6조원)
은
감소세
로
전환
되었다.
※ 은행권 주택담보대출 증가 세부 현황
(조원)
:
(3월) 주담대(△0.02) = 은행자체(△1.5) + 디딤돌·버팀목(+1.1) + 보금자리론 등(+0.4)
↳ 일반(△0.2) + 집단(△1.0) + 전세(△0.3)
(4월
p
) 주담대(+2.7) = 은행자체(+1.3) + 디딤돌·버팀목(+1.0) + 보금자리론 등(+0.4)
↳ 일반(+0.9) + 집단(+0.8) + 전세(△0.4)
* 디딤돌·버팀목 기금 재원 증가액
(조원)
: (’26.1월)△0.6 (2월)△0.7 (3월)△0.9 (4월
p
)△0.7
제2금융권 가계대출
은
+1.3조원 증가
하여, 전월
(+3.1조원)
대비
증가폭
이
축소
되었다.
상호금융권
(+2.8조원→+2.0조원)
은
증가폭
이
축소
되었고
,
저축은행
(△0.4조원→△0.02조원)
은
감소폭
이
축소
되었으며,
보험
(+0.5조원→△0.4조원)
및
여전사
(+0.1조원→△0.2조원)
는
감소세
로
전환
되었다.
업권별 가계대출 증감 추이
(단위 : 조원)
'23년중
(1~12월)
'24년중
(1~12월)
'25년중
(1~12월)
'26년중
(1~4월)
3월
4월
3월
4월
3월
4월
3월
4월
p
은 행
+37.1
△0.7
+2.3
+46.2
△1.7
+5.1
+32.9
+1.7
+4.7
+1.2
+0.5
+2.2
제2금융권
△27.0
△4.4
△2.2
△4.6
△3.2
△1.0
+4.9
△0.9
+0.5
+10.1
+3.1
+1.3
상호금융
△27.6
△4.0
△2.6
△9.8
△2.3
△2.1
+10.6
+0.4
+0.3
+10.2
+2.8
+2.0
신 협
△4.4
△0.6
△0.4
△3.0
△0.5
△0.4
+1.5
△0.1
+0.02
+1.2
+0.2
+0.3
농 협
△15.7
△2.3
△1.5
△5.8
△1.1
△1.0
+3.6
+0.2
△0.3
+6.7
+1.9
+1.6
수 협
△0.8
△0.2
△0.2
+0.2
△0.02
△0.05
+0.2
+0.1
△0.02
△0.2
+0.001
△0.01
산 림
△0.4
△0.1
△0.04
△0.2
△0.0
△0.02
△0.1
△0.02
△0.01
+0.1
+0.03
+0.02
새마을
△6.3
△0.9
△0.6
△1.0
△0.7
△0.6
+5.3
+0.2
+0.5
+2.5
+0.6
+0.1
보 험
+2.8
+0.3
+0.1
+0.5
△0.2
△0.02
△1.9
△0.2
+0.01
+0.1
+0.5
△0.4
저축은행
△1.3
△0.4
+0.0
+1.5
△0.3
+0.5
△0.8
△0.2
+0.4
△0.2
△0.4
△0.02
여 전 사
△0.9
△0.4
+0.2
+3.2
△0.4
+0.6
△3.0
△0.9
△0.1
+0.05
+0.1
△0.2
全금융권합계
+10.1
△5.1
+0.1
+41.6
△4.9
+4.0
+37.8
+0.7
+5.3
+11.4
+3.5
+3.5
2
가계부채 점검회의 개최
[
회의 개요
]
금융위원회
는
신진창 사무처장
주재로
’26.5.14일
(목)
관계기관 합동
｢
가계
부채 점검회의
｣를
개최
하였다. 이날 회의에는
재정경제부
,
한국은행
,
금융
감독원
등
관계기관
과
은행연합회
,
제2금융권 협회
,
5대 시중은행
등이
참석
하였다.
금일 회의
에서
참석자들
은
가계부채 총량관리 실적
,
’2
6.4월중 금융권
가계대출 동향
을 점검하고,
사업자대출 용도외유용 등
부동산 불법행위 점검
경과
등을
집중 논의
하였다.
▪ (일시/장소)
‘26.5.14.(목) 15:0
0, 정부서울청사
▪ (참석)
금융위 사무처장
(주재)
, 재정경제부, 금융감독원, 한국은행, 은행연합회, 생
․
손보협회, 저축은행중앙회, 여신금융협회, 농협
․
수협
․
신협
․
산림조합
․
새마을금고중앙회, 5대 시중은행
(KB국민, 하나, 신한, 우리, 농협)
등
▪ (논의)
가계부채 총량관리 실적
,
’26.4월중 全 금융권 가계대출 동향,
사업자
대출 용도외유용 등 부동산 불법행위 점검 실적
등
[
주요 논의사항
]
(1) 가계부채 총량관리 실적 점검
금일 회의
를
주재
한
금융위원회 신진창 사무처장
은 “
금번 회의
는
｢
’26년도 가계부채 관리방안
｣을 통해
연간 가계대출 관리목표
를
발표
한
이후
처음 개최
하는
점검회의
인 만큼
전반적인 가계대출 관리목표 준수
현황
을
점검
하는 의미가 있다”고 밝혔다. 특히, “’
26.1월부터 4월까지
의
가계대출 증가 흐름
은
연간 관리목표 범위 내
에서
안정적으로 관리
되고
있다”고 평가하며, “
남은 기간
동안에도
全 금융권
이
월별‧분기별 관리목표
를
철저히 준수
하여
가계부채의 안정적 관리 기조
가
흔들림 없이
유지
될 수 있도록
적극 협조
해달라”고 강조하였다.
*
’26년도 관리목표:
’25년도 실적
(증가율 1.7%)
보다 한층 강화된 1.5% 수준의 증가율 부여
(2) 가계대출 동향 및 평가
신진창 사무처장
은 “
4월 가계대출
(+3.5조원)
은
주택담보대출
이
전월 대비
증가
(+3.0조원→+5.5조원)
하였음에도 불구하고, 신용대출 등
기타대출 감소
(
+0.5조원→△2.0조원)
,
제2금융권 증가규모 축소
(+3.1조원→+1.3조원)
등에 따라
전월
(+3.5조원)
수준
을
유지
하였다”고
평가
하였다. 다만, “’
26.1분기
동안
증가
한
주택거래량
*
이
시차
를 두고
반영
되면서
은행권 자체 주택담보대출
이
증가세
로
전환
(△1.5조원→+1.3조원)
되는 등
잠재적 위험 요인
이
여전
하다”고
언급하며,
* 전국
주택 매매거래량
(만호, 국토부)
: (’25.11)6.1 (12)6.3 (’26.1)6.1 (2)5.8 (3)
7.2
󰠌 수도권 APT 매매거래량
(만호)
: (’25.11)2.1 (12)2.1 (’26.1)2.3 (2)2.2 (3)
2.7
“
금년에 신설된
은행권
주담대 별도 관리 목표 이행 여부
등에 대한
모니터링 강화
등을 통해
주담대
가
주택시장
을
자극
하지 않도록
철저
하게
관리
해 나갈 계획”이라고 밝혔다. 또한, “
5월
은
가정의 달
자금 수요 증가
등으로
가계대출 증가세
가
다시
확대
될 수 있는 만큼,
全 금융권
이 각별한
경각심
을 가지고
가계부채의 안정적 관리
에
만전
을 기해달라”고 당부하였다.
(3) 사업자대출 용도외 유용 점검
금융감독원
은
‘26.3.30일부터
全 금융권
에 대한
사업자대출 용도외유용
현
장 점검
을
진행 중
이다.
이번 점검
에서는 과거 점검 결과 용도외유용이
다
수 적발된
고위험 대출 유형
*
에 대한
점검
뿐 아니라,
금융
회사
가
대출의
용도외
유용
을
방지
하기 위한
의무
를
소
홀히
하여
유용행위를 사실상
방치
한
측면
은
없
는지도
집중
적
으
로 살펴본다
.
금융회사
가
대출 취급
시
자금
용도
에 대해 충분히
심사
하
였
는지
,
금융회사가
대출
의
사후관리
를
철
저
히
하
였는지
여부 등 금융회사
업
무처리
의
적정성
을
점검
하고,
금융
회사
의
내부통제상
미흡
사항
이 있는
경
우
즉각적
인
제도
개
선
등을
추
진
할
계획이다.
* (
예시)
사업자 등록일과 대출취급일이 근접
(예:6개월)
한 대출, 차주의 영위업종이 도‧소매업
(용도외유용
사례가 다수 확인된 업종)
이고 사업장 주소지가 강남3구 내 아파트인 대출 등
현재까지
금감원 현장점검
결과,
기업 운전자금대출
을 받아
규제지역
내
주택 구입
자금
으로
유용
한 사례,
임대사업자대출
을 받은 후
본인
이
전입
하여
거주한 사례
등 사업자대출의 용도외유용 사례가
상당수
적발
되었
다.
* 최종 적발 건수는 금감원 현장점검, 금융회사 자체점검 건의 합계로 확정될 예정
(작년
‘25.7~12월 점검시 2만여 건 점검, 127건
(현장점검 63건, 금융회사 자체점검 64건)
적발)
금융회사들도
사업자대출
을
이용한 대
출규제 우회 행위에 대한
자체
집중 점검
을 실시하고 있다
.
이번에는 과거와 달리 신규 취급 대출뿐
아니라
‘21년 이후 취급
된
만기
미도래
사
업자대출
까지
전면 점검
을
실시하여
점검 대상
을
대폭 확대
한다. 각 금
융회사 감사부서는 점검 대상
대출 중 용도외유용
고위험 대출
유형
에 대해
우선적
으로
점검
에
착수
하고,
금
년
내 점검
을
완료
할 수 있도록
추진
할 계획이다.
금감원·금융회사의
동 점검
을 통해 사업자대출의 용도
외
유용이
적발
되는
경
우 즉각적인
대출 회수
조치가
이루어진다.
신용정보원
에
적발 정보
가
등
록
되
면
全 금융권
에서
신규 사업자대출
취급
이
1년
(1차
적발)
또는
5년
(2
차 적발)
간 금지되며,
금년
상반기
중 각
금융업권별
점검 준칙 개정을 통해
대출
취급 금지 기간
을
3년
(1차 적발)
,
10년
(2
차 적발)
으로
대폭 확대
하고 개
인사업자의 경우 사업자대출뿐 아니라
가계대출
에 대한
신규
대출 취급도
제한
하여
탈법·편법적 대출 행위
를
근절
해나갈 계획이다
.
금융위원회 신진창 사무처장
은 “
가계부채
의
하향 안정화 추세
는
지속
되고
있으나,
대출규제
를
우회
하여
주택 구입
에
활용
하려는
유인
은
여전
히
존재
한다”고 언급하며, “앞으로도
사업자대출 용도외유용
등
부동산
관련
불법행위 근절
을 위한
강력한 관리 기조
를 이어 나갈 예정”이라고 강조하였다.
한편,
금융위원회
는 ’
26년도 업무보고
에서 밝힌 바와 같이
DSR 적용
대상 확대
등
상환능력 중심
의
여신관리체계 고도화
를 위한
노력
도
지속
해나갈 계획이다. 아울러,
금융감독원
과 함께
3단계 스트레스 DSR 시행
(’25.7.1일)
이후 금융회사들의
스트레스 금리 적용 여부
,
규제비율 준수 현황
등을
집중
점검
하는 등
제도 운영 전반
에 대한
관리
도
강화
해나갈 예정이다
.
1)
총부채원리금상환비율(DSR) = 모든 가계대출 연간 원리금상환액 / 연간소득
↳ 차주가 대출을 상환할 수 있는 소득능력을 갖추었는지 여부를 판단하는 기준
2)
스트레스 DSR : 대출 이용기간 중 금리 상승으로 인해 원리금 상환 부담이 상승할
가능성 등을 감안하여 DSR 산정시 일정수준의 가산금리
(스트레스 금리)
를 부과","In April 2026, the outstanding balance of household loans across all financial sectors increased KRW3.5 trillion (preliminary), growing at a similar pace compared with the previous month
(up KRW3.5 trillion)
.
(By Type)
Home-backed mortgage loans rose KRW5.5 trillion, growing at a faster pace compared with the previous month
(up KRW3.0 trillion)
. Mortgage loans in the banking sector
(down KRW0.02 trillion → up KRW2.7 trillion)
edged back higher from a decline a month ago but expanded at a slower pace in the nonbanking sector
(up KRW3.0 trillion → up KRW2.8 trillion)
.
Other types of loans dropped KRW2.0 trillion, edging back down from the increase of KRW0.5 trillion in the previous month with credit loans
(down KRW0.2 trillion → down KRW0.8 trillion)
falling at a faster pace.
(By Sector)
In April 2026, household loans in the banking sector rose KRW2.2 trillion, growing at a faster pace from a month ago
(up KRW0.5 trillion)
. Banks’ own mortgage loans
(down KRW1.5 trillion → up KRW1.3 trillion)
edged back up, while policy-based mortgage loans
(up KRW1.5 trillion → up KRW1.4 trillion)
grew at a slower pace. Other types of loans
(down KRW0.6 trillion)
shifted back lower from the growth of KRW0.5 trillion a month ago.
In the nonbanking sector, household loans rose KRW1.3 trillion, growing at a slower pace compared with the previous month
(up KRW3.1 trillion)
. Mutual finance businesses
(up KRW2.8 trillion → up KRW2.0 trillion)
saw household loans growing at a slower pace, while savings banks
(down KRW0.4 trillion → down KRW0.02 trillion)
saw household loans declining at a slower pace. Insurance companies
(up KRW0.5 trillion → down KRW0.4 trillion)
and specialized credit finance businesses
(up KRW0.1 trillion → down KRW0.2 trillion)
saw household loans edging back lower from the growth seen in the previous month.
(Assessment)
In April 2026, the outstanding balance of household loans
(up KRW3.5 trillion → up KRW3.5 trillion)
expanded at a similar level compared with a month ago, despite a faster growth seen in mortgage loans
(up KRW3.0 trillion → up KRW5.5 trillion)
, as other types of loans
(up KRW0.5 trillion → down KRW2.0 trillion)
including credit loans fell and the pace of growth slowed down in the nonbanking sector
(up KRW3.1 trillion → up KRW1.3 trillion)
. However, there still exist potential risks as increased housing transactions in the first quarter pushed up the growth of bank’s own mortgage loans
(down KRW1.5 trillion → up KRW1.3 trillion)
.
In this regard, financial authorities will closely monitor the banking sector’s mortgage loan management targets to ensure stability in the housing market. At the same time, financial authorities will continue to work to strengthen inspections on violations of loan regulations (e.g. misuse of business loans) and rule-breaking activities in the housing market.
* Please refer to the attached PDF for details.",금융위원회,https://www.fsc.go.kr/no010101/86914?srchCtgry=&curPage=22&srchKey=&srchText=&srchBeginDt=&srchEndDt=,https://www.fsc.go.kr/eng/pr010101/86913?srchCtgry=&curPage=2&srchKey=&srchText=&srchBeginDt=&srchEndDt=,2026-05-18,series+period:household_loan
"2026년 3월 가계대출 동향
(잠정)
▴
’26.3월 全 금융권 가계대출은 +3.5조원 증가
하여
전월
(+2.9조원)
및
전년 동월
(+0.7조원)
대비 증가폭 확대
`
* 증감액(조원) : (‘25.9월)+1.1 (10월)+4.9 (11월)+4.4 (12월)△1.2 (‘26.1월)+1.4 (2월)+2.9
(3월
)+3.5
1
2026년 3월 동향
’
26.3월
全 금융권 가계대출
은 총
+3.5조원 증가
하여 전월
(+2.9조원)
대비
증가폭
이
확대
되었다.
全금융권 주담대·기타대출 증감액 추이
(단위 : 조원)
주택담보대출
은
+3.0조원 증가
하여 전월
(+4.1조원)
대비
증가폭
이
축소
되었으며,
은행권
(+0.3조원→+0.003조원)
및
제2금융권
(+3.8조원→+3.0조원)
의
증가폭
도 모두
축소
되었다.
기타대출
은
+0.5조원 증가
하여 전월
(△1.2조원)
대비
증가세
로
전환
되었으며,
이는
신용대출 감소폭
이
축소
(△1.0조원→△0.2조원)
된 점 등에 기인한다.
대출항목별 가계대출 증감 추이
(단위 : 조원)
’25.9월
10월
11월
12월
’26.1월
2월
3월
p
주담대
+3.7
+4.1
+3.1
+2.3
+3.0
+4.1
+3.0
기타대출
△2.6
+0.8
+1.3
△3.6
△1.6
△1.2
+0.5
합계
+1.1
+4.9
+4.4
△1.2
+1.4
+2.9
+3.5
업권별
로 살펴보면 ’26.3월
은행권 가계대출
은 +
0.5조원 증가
하여, 전월
(△0.4조원)
대비
증가세
로
전환
되었다. 세부적으로는
은행 자체 주담대
(△1.1조원→△1.5조원)
는
감소폭
이
더욱
확대
된 반면,
정책성대출
(+1.4조원→+1.5조원)
은
증가폭
소폭
확대
,
기타대출
(△0.7조원→+0.5조원)
은
증가세
로
전환
되었다.
※ 은행권 주택담보대출 증가 세부 현황
(조원)
:
(2월) 주담대(+0.3) = 은행자체(△1.1) + 디딤돌·버팀목(+0.9) + 보금자리론 등(+0.6)
↳ 일반(+0.6) + 집단(△1.8) + 전세(+0.02)
(3월
p
) 주담대(+0.03) = 은행자체(△1.5) + 디딤돌·버팀목(+1.1) + 보금자리론 등(+0.4)
↳ 일반(△0.2) + 집단(△1.0) + 전세(△0.3)
* 디딤돌·버팀목 기금 재원 증가액
(조원)
: (’25.12월)△0.5 (’26.1월)△0.6 (2월)△0.7 (3월
p
)△0.9
제2금융권 가계대출
은
+3.0조원 증가
하여, 전월
(+3.3조원)
대비
증가폭
이
축소
되었다.
상호금융권
(+3.1조원→+2.7조원)
은
증가폭
이
축소
된 반면,
보험
(+0.2조원→+0.6조원)
은
증가폭
확대
,
저축은행
(△0.1조원→△0.4조원)
은
감소폭확대
,
여전사
(+0.1조원→+0.1조원)
는
증가폭
이
유지
되었다.
업권별 가계대출 증감 추이
(단위 : 조원)
'23년중
(1~12월)
'24년중
(1~12월)
'25년중
(1~12월)
'26년중
(1~3월)
2월
3월
2월
3월
2월
3월
2월
3월
p
은 행
+37.1
△2.7
△0.7
+46.2
+1.9
△1.7
+32.9
+3.3
+1.7
△0.9
△0.4
+0.5
제2금융권
△27.0
△2.6
△4.4
△4.6
△3.8
△3.2
+4.9
+0.9
△0.9
+8.8
+3.3
+3.0
상호금융
△27.6
△2.6
△4.0
△9.8
△2.9
△2.3
+10.6
+0.8
+0.4
+8.2
+3.1
+2.7
신 협
△4.4
△0.3
△0.6
△3.0
△0.5
△0.5
+1.5
+0.2
△0.1
+0.8
+0.4
+0.1
농 협
△15.7
△1.7
△2.3
△5.8
△1.5
△1.1
+3.6
+0.7
+0.2
+5.1
+1.8
+1.9
수 협
△0.8
△0.1
△0.2
+0.2
△0.01
△0.02
+0.2
+0.1
+0.1
△0.2
△0.05
+0.001
산 림
△0.4
△0.04
△0.1
△0.2
△0.04
△0.03
△0.1
△0.02
△0.02
+0.04
+0.02
+0.03
새마을
△6.3
△0.5
△0.9
△1.0
△0.8
△0.7
+5.3
△0.2
+0.2
+2.4
+1.0
+0.6
보 험
+2.8
+0.4
+0.3
+0.5
△0.6
△0.2
△1.9
△0.1
△0.2
+0.6
+0.2
+0.6
저축은행
△1.3
+0.01
△0.4
+1.5
△0.1
△0.3
△0.8
△0.0
△0.2
△0.2
△0.1
△0.4
여 전 사
△0.9
△0.4
△0.4
+3.2
△0.1
△0.4
△3.0
+0.3
△0.9
+0.3
+0.1
+0.1
全금융권합계
+10.1
△5.3
△5.1
+41.6
△1.8
△4.9
+37.8
+4.2
+0.7
+7.9
+2.9
+3.5
2
평 가
금융당국
은 “
3월 가계대출
(+3.5조원)
은
은행권 자체 주담대 증가규모
(△1.5조원)
가
전월
(△1.1조원)
대비
감소
*
하였음에도 불구하고,
기타대출
(△1.2
조원→+0.5조원)
과
2금융권
(+3.3조원→+3.0조원)
등의
영향
으로
전월
(+2.9조원)
대비
다소 증가
하였다”고 언급하며, “이는
상호금융권
(농협, 새마을금고 등)
의
신규 대출취급 중단 조치 전
에
승인
된
집단대출
의
집행분
등이
순차적
으로
반영
된 데 따른 영향 등에
기인
한다”고 평가하였다.
*
증감추이(조원):(10월)+1.0 (11월)
△0.02
(12월)
△1.4
(’26.1월)
△1.7
(2월)
△1.1
(3월
P
)
△1.5
또한, “
4월
에는
다주택자 양도소득세 중과 유예 종료
(5.9일)
에 따른
매물
출회 효과
,
중동지역 리스크 요인 지속
등으로
가계대출 변동성
이 언제든지
확대
될
우려
가 있는 만큼,
全 업권
이
엄중한
경각심
을 가지고
가계대출
추이
를
면밀
하게
모니터링
해달라”고 당부하였다.
한편,
금융당국
은 최근 발표
(4.1일)
한 ｢’
26년 가계부채 관리방안
｣의
시행
(4.17일)
을
앞두고 “
다주택자 주담대 만기연장 제한
,
대출규제 위반 점검
등의
주요 과제
가
차질 없이 이행
될 수 있도록
금융회사
에서
직원 교육
,
전산시스템 점검
,
고객 안내
등에
만전
을 기해달라”고 당부하며, “
투기적
목적
의
비거주 1주택자 대출규제
,
DSR
*
적용대상 확대
등
주택시장
과
가계부채 관리
를 위한
추가 과제들
도 빈틈없이
준비
해 나가겠다”고 밝혔다.
* DSR : Debt Service Ratio, 총부채원리금상환비율","In March 2026, the outstanding balance of household loans across all financial sectors increased KRW3.5 trillion (preliminary), growing at a faster pace compared with the previous month
(up KRW2.9 trillion)
.
(By Type)
Home-backed mortgage loans rose KRW3.0 trillion, growing at a slower pace compared with the previous month
(up KRW4.1 trillion)
. The pace of growth in mortgage loans slowed down in both the banking
(up KRW0.3 trillion → up KRW0.003 trillion)
and nonbanking
(up KRW3.8 trillion → up KRW3.0 trillion)
sectors.
Other types of loans rose KRW0.5 trillion, shifting back up from the decline of KRW1.2 trillion in the previous month, as credit loans
(down KRW1.0 trillion → down KRW0.2 trillion)
dropped at a slower pace.
(By Sector)
In March 2026, household loans in the banking sector rose KRW0.5 trillion, turning back up from the decline of KRW0.4 trillion a month ago. Banks’ own mortgage loans
(down KRW1.1 trillion → down KRW1.5 trillion)
declined at a faster pace, while policy-based mortgage loans
(up KRW1.4 trillion → up KRW1.5 trillion)
edged up at a slightly faster pace. Other types of loans
(up KRW0.5 trillion)
shifted back up from the decline of KRW0.7 trillion a month ago.
In the nonbanking sector, household loans edged up KRW3.0 trillion, growing at a slower pace compared with the previous month
(up KRW3.3 trillion)
. Mutual finance businesses
(up KRW3.1 trillion → up KRW2.7 trillion)
saw household loans growing more slowly, while insurance companies
(up KRW0.2 trillion → up KRW0.6 trillion)
saw household loans rising more rapidly. Savings banks
(down KRW0.1 trillion → down KRW0.4 trillion)
saw household loans falling at a faster pace, while specialized credit finance businesses
(up KRW0.1 trillion → up KRW0.1 trillion)
saw household loans expanding at a similar level compared with the previous month.
(Assessment)
In March 2026, the outstanding balance of household loans
(up KRW2.9 trillion → up KRW3.5 trillion)
expanded at a somewhat faster pace from a month before led by the growth in other types of loans
(down KRW1.2 trillion → up KRW0.5 trillion)
and in the nonbanking sector
(up KRW3.3 trillion → up KRW3.0 trillion)
, even though banks’ own mortgage loans
(down KRW1.1 trillion → down KRW1.5 trillion)
declined at a faster pace. This is mainly attributable to an expanded level of group lending from mutual finance businesses being reflected in the statistics prior to the suspension of new lending coming into effect.
With a scheduled end (May 9) to the provision of capital gains tax exemption for multi-home owners and continuing risks originating from the conflict in the Middle East, it remains possible to see an increased volatility in the pace of household loan growth. Thus, it is necessary to continue to stay vigilant over the trends of household loan growth.
In the meantime, financial companies are urged to take necessary steps to make sure a seamless implementation of the recently announced household debt management measures (to be effective from April 17). The FSC will continue to seek additional measures and examine other areas, such as regulating lending to nonresident single-home owners and further tightening the debt service ratio (DSR) rule, to make sure to stably manage housing market speculation and the pace of household debt growth.
* Please refer to the attached PDF for details.",금융위원회,https://www.fsc.go.kr/no010101/86662?srchCtgry=&curPage=29&srchKey=&srchText=&srchBeginDt=&srchEndDt=,https://www.fsc.go.kr/eng/pr010101/86661?srchCtgry=&curPage=3&srchKey=&srchText=&srchBeginDt=&srchEndDt=,2026-04-08,series+period:household_loan
"2026년 2월 가계대출 동향
(잠정)
▴
’26.2월 全금융권 가계대출
은
+2.9조원 증가
하여
전월
(+1.4조원) 대
비
증가폭 확대
및
전년 동월
(+4.2조원)
대비
감소
* 증감액(조원) : (‘25.8월)+4.7 (9월)+1.1 (10월)+4.9 (11월)+4.4 (12월)△1.2 (‘26.1월)+1.4
(2월
)+2.9
1
2026년 2월 동향
’26.2월
全 금융권 가계대출
은 총
+2.9조원 증가
하여 전월
(+1.4조원)
대
비
증가폭
이
확대
되었다.
全금융권 주담대·기타대출 증감액 추이
(단위 : 조원)
주택담보대출
은
+4.2조원 증가
하여 전월
(+3.0조원)
대비
증가폭
이
확대
되었다.
은행권
(△0.6조원 → +0.4조원)
은
증가세
로
전환
되었으며,
제2금융권
(+3.6조원 → +3.8조원)
은
증가폭
이 소폭
확대
되었다.
기타대출
은
△1.2조원 감소
하여 전월
(△1.6조원)
대비
감소폭
이
축소
되었으며,
이 중
신용대출 감소폭
또한
축소
(△1.1조원→△1.0조원)
되었다
.
대출항목별 가계대출 증감 추이
(단위 : 조원)
’25.8월
9월
10월
11월
12월
’26.1월
2월
p
주담대
+5.8
+3.7
+4.1
+3.1
+2.3
+3.0
+4.2
기타대출
△1.0
△2.6
+0.8
+1.3
△3.6
△1.6
△1.2
합계
+4.7
+1.1
+4.9
+4.4
△1.2
+1.4
+2.9
업권별
로 살펴보면 ’26.2월중
은행권 가계대출
은
△0.3조원 감소
하여,
전월
(△1.0조원)
대비
감소폭
이
축소
되었다. 세부적으로는
은행 자체 주담대
(△1.7조원 → △1.1조원)
는
감소폭
이
축소
되었고,
정책성대출
(+1.1조원 →
+1.5조원)
은
증가폭
이
확대
된 반면,
기타대출
(△0.4조원 → △0.7조원)
은
감
소폭
이
확대
되었다.
※ 은행권 주택담보대출 증가 세부 현황
(조원)
:
(1월) 주담대(△0.6)
= 은행자체(△1.7) + 디딤돌·버팀목(+0.8) + 보금자리론 등(+0.3)
↳
일반(+0.4)
+
집단(△2.0) + 전세(△0.1)
(2월
) 주담대(+0.4)
= 은행자체(△1.1) + 디딤돌·버팀목(+0.9) + 보금자리론 등(+0.6)
↳
일반(+0.6)
+
집단(△1.8) + 전세(+0.02)
* 디딤돌·버팀목 기금 재원 증가액
(조원)
: (’25.11월)△0.4 (12월)△0.5 (’26.1월)△0.6 (2월
)△0.7
제2금융권 가계대출
은
+3.3조원 증가
하여, 전월
(+2.5조원)
대비
증가폭
이
확대
되었다.
상호금융권
(+2.3조원→+3.1조원)
은
증가폭
이
확대
되었으며,
보험
(△0.2조원→+0.2조원)
과
여전사
(△0.01조원→+0.1조원)
는
증가세
로
전환
된 반면,
저축은행
(+0.3조원→△0.1조원)
은
감소세
로
전환
되었다.
업권별 가계대출 증감 추이
(단위 : 조원)
'23년중
(1~12월)
'24년중
(1~12월)
'25년중
(1~12월)
'26년중
(1~2월)
1월
2월
1월
2월
1월
2월
1월
2월
p
은 행
+37.1
△4.6
△2.7
+46.2
+3.4
+1.9
+32.9
△0.5
+3.3
△1.4
△1.0
△0.3
제2금융권
△27.0
△3.3
△2.6
△4.6
△2.5
△3.8
+4.9
△0.5
+0.9
+5.7
+2.5
+3.3
상호금융
△27.6
△3.0
△2.6
△9.8
△2.5
△2.9
+10.6
△0.1
+0.8
+5.4
+2.3
+3.1
신 협
△4.4
△0.3
△0.3
△3.0
△0.4
△0.5
+1.5
+0.2
+0.2
+0.6
+0.3
+0.3
농 협
△15.7
△1.9
△1.7
△5.8
△1.4
△1.5
+3.6
△0.1
+0.7
+3.2
+1.4
+1.8
수 협
△0.8
△0.05
△0.1
+0.2
+0.01
△0.01
+0.2
+0.1
+0.1
△0.2
△0.1
△0.05
산 림
△0.4
△0.03
△0.04
△0.2
△0.04
△0.04
△0.1
△0.02
△0.02
+0.01
△0.01
+0.02
새마을
△6.3
△0.7
△0.5
△1.0
△0.6
△0.8
+5.3
△0.3
△0.2
+1.8
+0.8
+1.0
보 험
+2.8
△0.04
+0.4
+0.5
△0.5
△0.6
△1.9
△0.5
△0.1
+0.004
△0.2
+0.2
저축은행
△1.3
+0.1
+0.01
+1.5
+0.1
△0.1
△0.8
+0.2
△0.03
+0.2
+0.3
△0.1
여 전 사
△0.9
△0.4
△0.4
+3.2
+0.4
△0.1
△3.0
△0.1
+0.3
+0.1
△0.01
+0.1
全금융권합계
+10.1
△8.0
△5.3
+41.6
+0.9
△1.8
+37.8
△0.9
+4.2
+4.4
+1.4
+2.9
2
평 가
금융당국
은 “
2월 가계대출
(+2.9조원)
은
은행권 자체 주담대
가
4개월 연속
감소
하였음에도 불구하고,
은행권
정책성 대출
(+1.1조원 → +1.5조원)
및
2금융권 가계대출
(+2.5조원 → +3.3조원)
증가규모
가
확대
되며
증가
하였다”고 언급하며, “이는
신학기 이사수요
등
계절적 요인
과
상호금융
(농협, 새마을
금고 등)
등
2금융권
을
중심
으로 한
집단대출 증가세 지속
등에
기인
한다”고
평가
하였다.
*
증감추이(조원): (9월)+1.4 (10월)+1.0 (11월)
△0.02
(12월)
△1.4
(’26.1월)
△1.7
(2월
)
△1.1
또한, “
3월
에는
다주택자
양도소득세 중과 유예 종료
(5.9일)
에 따른
매물
출회
등의
영향
으로
주택담보대출 수요
가
확대
될 수 있는 만큼,
일관
된
가계대출 관리 기조
하에
지역별 주택시장 상황
과
가계대출 추이
등을
면밀
하게
모니터링
할
필요
가 있다”고
강조
하였다.
이에,
행정안전부
는 “
2월 새마을금고 가계대출 증가규모
는
관리강화
조치
시행 前 대출수요 증가
가
반영
되었다”고 밝히며, “향후
신규 집단대출
취급 중단 조치
등의
효과
가
본격화
되면
가계대출 증가세
는
점차 안정화
될 것”이라고 언급하였다.
*
집단대출
(분양잔금·중도금·이주비 대출)
신규 취급 중단, 대출모집인을 통한 가계대출 중단
(2.19.~)
한편,
금융당국
은 “
국토부
,
행안부
등
관계부처
와 함께
향후 가계대출
의
변동성 확대 우려
가
주택시장
의
불안
으로 이어지지 않도록
선제적
이고
즉각적
으로
대응
해 나갈
계획
”이라고 밝혔다.","In February 2026, the outstanding balance of household loans across all financial sectors increased KRW2.9 trillion (preliminary), growing at a faster pace compared with the previous month
(up KRW1.4 trillion)
.
(By Type)
Home-backed mortgage loans rose KRW4.2 trillion, growing at a faster pace compared with the previous month
(up KRW3.0 trillion)
. Mortgage loans turned back up in the banking sector
(down KRW0.6 trillion → up KRW0.4 trillion)
and expanded at a slightly faster pace in the nonbanking sector
(up KRW3.6 trillion → up KRW3.8 trillion)
.
Other types of loans edged down KRW1.2 trillion, declining at a slower pace compared with the previous month
(down KRW1.6 trillion)
, as credit loans dropped at a slower pace
(down KRW1.1 trillion → down KRW1.0 trillion)
.
(By Sector)
In February 2026, household loans in the banking sector saw a drop of KRW0.3 trillion, declining at a slower pace compared with the previous month
(down KRW1.0 trillion)
. Banks’ own mortgage loan products fell at a slower pace
(down KRW1.7 trillion → down KRW1.1 trillion)
, while policy-based mortgage loans rose at a faster pace
(up KRW1.1 trillion → up KRW1.5 trillion)
. Other types of loans including credit loans declined at a faster pace
(down KRW0.4 trillion → down KRW0.7 trillion)
.
In the nonbanking sector, household loans rose KRW3.3 trillion, growing at an expanded level from a month ago
(up KRW2.5 trillion)
. Mutual finance businesses
(up KRW2.3 trillion → up KRW3.1 trillion)
saw household loans edging up more rapidly, while insurance companies
(down KRW0.2 trillion → up KRW0.2 trillion)
and specialized credit finance businesses
(down KRW0.01 trillion → up KRW0.1 trillion)
saw household loans growing back up from declines seen a month ago. Savings banks
(up KRW0.3 trillion → down KRW0.1 trillion)
saw household loans edging back down from an increase seen in the previous month.
(Assessment)
In February 2026, the outstanding balance of household loans edged up KRW2.9 trillion led by an expanded level of growth seen in policy-based mortgage loans in the banking sector
(up KRW1.1 trillion → up KRW1.5 trillion)
and a growth in the nonbanking sector
(up KRW2.5 trillion → up KRW3.3 trillion)
, due to the effects of the spring moving season and the continued growth of group lending in the nonbanking sector.
With the scheduled end (May 9) to the provision of capital gains tax exemption for multiple-home owners, there may be an increased supply of house listings in the real estate market in March. Thus, it is necessary to continue to maintain rigorous monitoring over trends of household loans and housing market situations across different regions.
The government will continue to work to take preemptive and immediate steps to make sure that concerns over increased volatility in household loans do not translate into instability in the real estate market.
* Please refer to the attached PDF for details.",금융위원회,https://www.fsc.go.kr/no010101/86437?srchCtgry=&curPage=35&srchKey=&srchText=&srchBeginDt=&srchEndDt=,https://www.fsc.go.kr/eng/pr010101/86436?srchCtgry=&curPage=3&srchKey=&srchText=&srchBeginDt=&srchEndDt=,2026-03-11,series+period:household_loan
"2026년 1월 가계대출 동향
(잠정)
▴
’26.1월 全금융권 가계대출
은
+1.4조원 증가
하여
전월
(△1.2조원) 및
전년 동월
(△0.9조원) 대비
증가 전환
* 증감액(조원) : (‘25.8월)+4.7 (9월)+1.1 (10월)+4.9 (11월)+4.4 (12월)△1.2
(‘26.1월
)+1.4
1
2026년 1월 동향
’
26.1월
全 금융권 가계대출
은 총
+1.4조원 증가
하여 전월
(△1.2조원)
대비
증가세
로
전환
되었다.
全금융권 주담대·기타대출 증감액 추이
(단위 : 조원)
주택담보대출
은
+3.0조원 증가
하여 전월
(+2.3조원)
대비
증가폭
이
확대
되었다.
은행권
(△0.5조원 → △0.6조원)
은
감소폭
이 소폭
확대
된 반면,
제2 금융권
(+2.8조원 → +3.6조원)
은
증가폭
이
확대
되었다.
기타대출
은
△1.7조원 감소
하여 전월
(△3.6조원)
대비
감소폭
이
축소
되었으며,
이는
신용대출 감소폭
이
축소
(△2.5조원 → △1.0조원)
된 점 등에 기인하였다.
대출항목별 가계대출 증감 추이
(단위 : 조원)
’25.7월
8월
9월
10월
11월
12월
’26.1월
p
주담대
+4.4
+5.8
+3.7
+4.1
+3.1
+2.3
+3.0
기타대출
△2.2
△1.0
△2.6
+0.8
+1.3
△3.6
△1.7
합계
+2.3
+4.7
+1.1
+4.9
+4.4
△1.2
+1.4
업권별
로 살펴보면 ’26.1월중
은행권 가계대출
은
△1.0조원 감소
하여, 전월
(△2.0조원)
대비
감소세
가
둔화
되었다. 세부적으로는
은행 자체 주담대
(△1.4조원 → △1.7조원)
의
감소폭
이
확대
된 반면,
정책성대출
(+0.9조원 →
+1.1조원)
의
증가폭
은
소폭
확대
,
기타대출
(△1.5조원 → △0.4조원)
의
감소폭
은
축소
되었다.
※ 은행권 주택담보대출 증가 세부 현황
(조원)
:
(
25.12월) 주담대(△0.5)
= 은행자체(△1.4) + 디딤돌·버팀목(+0.8) + 보금자리론 등(+0.1)
↳
일반(△0.6)
+
집단(△0.2) + 전세(△0.5)
(
26.1월
p
) 주담대(△0.6)
= 은행자체(△1.7) + 디딤돌·버팀목(+0.8) + 보금자리론 등(+0.4)
↳
일반(+0.4)
+
집단(△2.0) + 전세(△0.1)
* 디딤돌·버팀목 기금 재원 증가액
(조원)
: (’25.10월)△0.5 (11월)△0.4 (12월)△0.5 (’26.1월
p
)△0.6
제2금융권 가계대출
은
+2.4조원 증가
하여, 전월
(+0.8조원)
대비
증가폭
이
확대
되었다.
상호금융권
(+2.0조원 → +2.3조원)
은
증가폭
이
확대
된 반면,
보험
(△0.02조원 → △0.2조원)
은
감소폭
이
확대
되었고,
여전사
(△0.8조원 → △0.02
조원)
는
감소폭
축소
,
저축은행
(△0.5조원 → +0.3조원)
은
증가세
로
전환
되었다.
업권별 가계대출 증감 추이
(단위 : 조원)
'23년중
(1~12월)
'24년중
(1~12월)
'25년중
(1~12월)
'26년중
(1월)
’22.12월
’23.1월
’23.12월
’24.1월
’24.12월
’25.1월
’25.12월
’26.1월
p
은 행
+37.1
+0.2
△4.6
+46.2
+3.1
+3.4
+32.9
△0.4
△0.5
△1.0
△2.0
△1.0
제2금융권
△27.0
△3.7
△3.3
△4.6
△3.0
△2.5
+4.9
+2.3
△0.5
+2.4
+0.8
+2.4
상호금융
△27.6
△2.0
△3.0
△9.8
△1.5
△2.5
+10.6
+2.2
△0.1
+2.3
+2.0
+2.3
신 협
△4.4
△0.1
△0.3
△3.0
△0.3
△0.4
+1.5
+0.2
+0.2
+0.2
+0.3
+0.2
농 협
△15.7
△1.7
△1.9
△5.8
△0.9
△1.4
+3.6
+1.5
△0.1
+1.4
+1.1
+1.4
수 협
△0.8
△0.03
△0.05
+0.2
+0.05
+0.01
+0.2
+0.1
+0.1
△0.1
△0.1
△0.1
산 림
△0.4
△0.02
△0.03
△0.2
△0.02
△0.04
△0.1
△0.004
△0.02
△0.01
+0.01
△0.01
새마을
△6.3
△0.2
△0.7
△1.0
△0.4
△0.6
+5.3
+0.4
△0.3
+0.8
+0.7
+0.8
보 험
+2.8
+0.4
△0.04
+0.5
△0.1
△0.5
△1.8
+0.3
△0.5
△0.2
△0.02
△0.2
저축은행
△1.3
△0.5
+0.1
+1.5
△0.9
+0.1
△0.8
+0.1
+0.2
+0.3
△0.5
+0.3
여 전 사
△0.9
△1.6
△0.4
+3.2
△0.5
+0.4
△3.0
△0.3
△0.1
△0.02
△0.8
△0.02
全금융권합계
+10.1
△3.5
△8.0
+41.6
+0.1
+0.9
+37.8
+2.0
△0.9
+1.4
△1.2
+1.4
2
평 가
금융당국
은 “
1월 가계대출
(+1.4조원)
은
은행권
가계대출
이
지난달
에 이어
지속 감소
(△2.0조원 → △1.0조원)
하였음에도
불구
하고,
2금융권 가계대출 증가규모
가
확대
(+0.8조원 → +2.4조원)
되며
증가
하였다”고 언급하며, “이는
금융회사들
의
연초 영업재개
와
상호금융
(농협, 새마을금고 등)
등
2금융권
을
중심
으로 한
집단대출 증가
등에
기인
한다”고
평가
하였다.
또한, “
금융회사들
의
본격적인 영업 개시
와
신학기 이사수요
등이 더해지는
2월
에는
가계대출 증가규모
가
더욱 확대
되고
변동성
이 커질 수 있는 만큼,
全 업권
이
가계대출 추이
등에 대한
모니터링
을
강화
하고,
가계대출 관리
에
만전
을
기해달라
”고
강조
하였다.
이에,
행정안전부
는 “작년부터
주담대
를
중심
으로
새마을금고 가계대출
증가세
가
지속
되는
상황
에 대해
엄중
하게
인식
하고 있다”고 언급하며, “향후
범정부적인 가계부채 관리 강화 기조
에 맞춰
새마을금고
의
가계대출
에 대한
관리
를 더욱
강화
해 나가겠다”고 밝혔다.
한편, 금융당국은 “
지속적
인
가계대출 관리 강화 과정
에서
청년
,
중
․
저신용자들
의
자금공급
이
과도
하게
위축
되지
않도록
면밀
히 살펴보고
세심
하게
배려
해 나갈 계획“이라고 밝혔다.","In January 2026, the outstanding balance of household loans across all financial sectors increased KRW1.4 trillion (preliminary), turning back up from the decline of KRW1.2 trillion in the previous month.
(By Type)
Home-backed mortgage loans increased KRW3.0 trillion, growing at a faster rate compared with the previous month
(up KRW2.3 trillion)
. Mortgage loans dropped at a slightly faster rate in the banking sector
(down KRW0.5 trillion → down KRW0.6 trillion)
, but rose at a faster rate in the nonbanking sector
(up KRW2.8 trillion → up KRW3.6 trillion)
.
Other types of loans edged down KRW1.7 trillion, declining at a slower rate compared with the previous month
(down KRW3.6 trillion)
, as credit loans dropped at a slower pace
(down KRW2.5 trillion → down KRW1.0 trillion)
.
(By Sector)
In January 2026, household loans in the banking sector saw a drop of KRW1.0 trillion, declining at a slower rate compared with the previous month
(down KRW2.0 trillion)
. Banks’ own mortgage loan products fell at a faster rate
(down KRW1.4 trillion → down KRW1.7 trillion)
, while policy-based mortgage loans rose at a slightly faster rate
(up KRW0.9 trillion → up KRW1.1 trillion)
. Other types of loans including credit loans declined at a slower rate
(down KRW1.5 trillion → down KRW0.4 trillion)
.
In the nonbanking sector, household loans rose KRW2.4 trillion, growing at an expanded level from a month ago
(up KRW0.8 trillion)
. Mutual finance businesses
(up KRW2.0 trillion → up KRW2.3 trillion)
saw household loans edging up more rapidly, while insurance companies
(down KRW0.02 trillion → down KRW0.2 trillion)
saw household loans declining at a faster rate. Specialized credit finance businesses
(down KRW0.8 trillion → down KRW0.02 trillion)
saw household loans declining at a slower rate, while savings banks
(down KRW0.5 trillion → up KRW0.3 trillion)
saw household loans shifting back up from a decline seen in the previous month.
(Assessment)
In January 2026, the outstanding balance of household loans edged up KRW1.4 trillion led by an expanded level of growth seen in the nonbanking sector
(up KRW0.8 trillion → up KRW2.4 trillion)
, even though there is a continuing trend of decline seen in the banking sector
(down KRW2.0 trillion → down KRW1.0 trillion)
. The increase is mainly attributable to the early-year effect where financial companies begin to resume their loan operations and the rise of group lending in the nonbanking sector.
With the spring moving season around the corner, it is possible to see a further expansion in household loans in February. Thus, it remains necessary to strengthen monitoring over household loan trends and tighten the management of household loans.
While continuing to tightly manage the volume of household loans being handled, financial authorities will work to make sure that there is no excessive shortage of liquidity for vulnerable groups, such as young adults and borrowers with mid-to-low credit background.
* Please refer to the attached PDF for details.",금융위원회,https://www.fsc.go.kr/no010101/86259?srchCtgry=&curPage=40&srchKey=&srchText=&srchBeginDt=&srchEndDt=,https://www.fsc.go.kr/eng/pr010101/86260?srchCtgry=&curPage=4&srchKey=&srchText=&srchBeginDt=&srchEndDt=,2026-02-11,series+period:household_loan
