lang,sentence_id,ko_source,nllb_baseline_mt,nllb_baseline_score,pipeline_mt,pipeline_score,comet_diff,nllb_back_ko,pipeline_back_ko,nllb_labse_sim,pipeline_labse_sim,labse_diff,max_suspicion_score
tha_Thai,KO-FIN-02027,스프리트에 대해 상담받고 싶습니다.,ผมอยากได้คําปรึกษาเกี่ยวกับสปริต,0.8569405674934387,ผมต้องการสอบถามเกี่ยวกับ จิตวิญญาณ,0.462445855140686,-0.3944947123527527,스피릿에 대한 상담이 필요해요,영혼에 대한 질문을 하고 싶습니다.,0.8467811346054077,0.5913596153259277,-0.25542151927948,40
tgl_Latn,KO-FIN-00305,고객예탁증권이 무엇인지 설명해 주세요.,Ipaliwanag mo kung ano ang customer deposit certificate.,0.8571064472198486,Ipaliwanag kung ano ang Mga pasilidad ng customer..,0.4767281711101532,-0.3803782761096954,고객 보증증서가 무엇인지 설명해 주세요.,고객 시설에 대해 설명해 주세요,0.9389482736587524,0.6676274538040161,-0.27132081985473633,20
tgl_Latn,KO-FIN-01278,무담보사채의 조건과 수익 구조를 확인하고 싶습니다.,Gusto kong suriin ang mga kondisyon at istraktura ng kita ng mga utang na walang garantiya.,0.8635640144348145,Gusto kong suriin ang mga kondisyon at istraktura ng kita ng Walang pakialam..,0.4971175491809845,-0.3664464652538299,저는 무보증 대출의 조건과 수익 구조를 살펴보고 싶습니다.,저는 무관심의 조건과 소득 구조를 조사하고 싶습니다.,0.9457287788391113,0.8833640813827515,-0.06236469745635986,40
vie_Latn,KO-FIN-02661,이익잉여금이 무엇을 의미하나요?,Lợi nhuận thặng dư nghĩa là gì?,0.8888946175575256,Lợi nhuận chưa phân phối có nghĩa là gì?,0.532423734664917,-0.3564708828926086,과잉이익이란 무엇인가요?,분배되지 않은 이익이란 무엇인가요?,0.7344432473182678,0.7092865705490112,-0.025156676769256592,40
mya_Mymr,KO-FIN-03262,증권거래세와 관련된 시장 정보를 확인하고 싶습니다.,စတော့အခွန်နဲ့ ပတ်သက်တဲ့ စျေးကွက် အချက်အလက်တွေကို ကြည့်ချင်တယ်။,0.8686938881874084,ဒါက စတော့စျေးကွက်ပါ။ နဲ့ ပတ်သက်တဲ့ စျေးကွက် အချက်အလက်တွေကို စစ်ဆေးချင်ပါတယ်။,0.5472230911254883,-0.3214707970619201,저는 증권세와 관련된 시장 데이터를 보고 싶었습니다.,이건 주식 시장입니다. 그리고 저는 시장 데이터를 테스트하고 싶었습니다.,0.9191826581954956,0.6990835070610046,-0.22009915113449097,40
ind_Latn,KO-FIN-00993,대권이 무엇인지 설명해 주세요.,Jelaskan apa itu hak pilih.,0.8313242197036743,Tolong jelaskan apa itu Perebutan kursi kepresidenan.,0.5099391341209412,-0.3213850855827331,선택권이 무엇인지 설명해 주세요.,대통령 직권 경쟁이 무엇인지 설명해 주시겠습니까?,0.8718482255935669,0.622719407081604,-0.2491288185119629,60
tgl_Latn,KO-FIN-00185,결제리스크 관리제도가 무엇인지 설명해 주세요.,Ipaliwanag mo kung ano ang isang sistema ng pamamahala ng panganib sa pagbabayad.,0.7599416971206665,Ipaliwanag kung ano ang Ang pagmamaneho ng panganib sa pagbabayad.,0.454733282327652,-0.3052084147930145,결제 위험 관리 시스템이 무엇인지 설명하세요.,지불에 대한 위험 운전이 무엇인지 설명해 주세요.,0.8490526676177979,0.7182620763778687,-0.1307905912399292,40
tgl_Latn,KO-FIN-00609,규정재정이 금융거래에 어떻게 적용되나요?,Paano ang mga regulasyon ay naaangkop sa pangangalakal sa pananalapi?,0.8201560378074646,Paano ito nalalapat sa pananalapi?,0.5166495442390442,-0.3035064935684204,법규는 금융에 어떻게 적용되나요?,이것은 어떻게 재정적으로 적용될까요?,0.8965780735015869,0.6618755459785461,-0.23470252752304077,40
tgl_Latn,KO-FIN-02865,자본잉여금이 무엇인지 설명해 주세요.,Ipaliwanag sa akin kung ano ang kapital surplus.,0.8607749938964844,Ipaliwanag kung ano ang Ang mga kapital na dagdag.,0.5665743350982666,-0.2942006587982178,자본의 잉여가 무엇인지 설명해 주세요.,부가자본이 무엇인지 설명해 주세요.,0.9186239242553711,0.8895301818847656,-0.02909374237060547,20
mya_Mymr,KO-FIN-00978,당일결제거래와 관련된 시장 정보를 확인하고 싶습니다.,တစ်နေ့တာ ငွေပေးချေမှုတွေနဲ့ ပတ်သက်တဲ့ စျေးကွက် သတင်းအချက်အလက်တွေကို ကြည့်ချင်တယ်။,0.8254382610321045,တစ်နေ့တာ စီမံကိန်းပါ။ နဲ့ ပတ်သက်တဲ့ စျေးကွက် အချက်အလက်တွေကို စစ်ဆေးချင်ပါတယ်။,0.5448920726776123,-0.2805461883544922,우리는 하루 동안의 거래에 대한 시장 정보를 보고 싶었습니다.,하루의 프로젝트입니다. 시장 데이터를 확인하고 싶습니다.,0.8206613063812256,0.7068814039230347,-0.11377990245819092,40
tgl_Latn,KO-FIN-03777,통일규격유가증권이 무엇인지 설명해 주세요.,Ipaliwanag sa akin kung ano ang Uniform Tax Credit.,0.7332783341407776,Ipaliwanag kung ano ang Pangkalahatang Boto ng Pag-aari.,0.4651995003223419,-0.2680788338184356,유니폼 세금 신용은 무엇인지 설명해 주세요.,일반 소유권이란 무엇인지를 설명하세요.,0.7248694896697998,0.6475239992141724,-0.07734549045562744,40
tha_Thai,KO-FIN-04243,최근 backwardation의 변화를 확인하고 싶습니다.,ผมต้องการตรวจสอบการเปลี่ยนแปลงล่าสุดของ backwardation,0.8393399119377136,ผมต้องการตรวจสอบการเปลี่ยนแปลงล่าสุดของ ภาวะราคาล่วงหน้าต่ำกว่าราคาตลาดปัจจุบัน,0.5723605155944824,-0.2669793963432312,저는 최근 배후화 변화를 확인하고 싶습니다.,현재 시장 가격보다 낮은 전면 가격의 최근 변화를 확인하고 싶습니다.,0.9392715692520142,0.7433158159255981,-0.19595575332641602,40
tgl_Latn,KO-FIN-03273,증권금융이 무엇인지 설명해 주세요.,Ipaliwanag kung ano ang securities financing.,0.8330439329147339,Ipaliwanag kung ano ang Pinansiyal na securities.,0.568755030632019,-0.2642889022827148,증권금융이란 무엇인가요?,금융 증권이란 무엇인가요?,0.7950433492660522,0.7456528544425964,-0.04939049482345581,20
tgl_Latn,KO-FIN-01881,소수주주권이 무엇인지 설명해 주세요.,Ipaliwanag kung ano ang minority ownership.,0.8305200338363647,Ipaliwanag kung ano ang Pangkalahatang Soberanyo.,0.5712401866912842,-0.2592798471450805,소수 소유가 무엇인지 설명해 주세요.,세계적 주권이란 무엇인지를 설명해 보십시오.,0.9308565855026245,0.7169281244277954,-0.2139284610748291,20
tgl_Latn,KO-FIN-03798,통합계좌 처리 절차를 확인하고 싶습니다.,Gusto kong suriin ang proseso ng pagproseso ng pinagsamang account.,0.7433879971504211,Gusto kong suriin ang proseso ng pagproseso.,0.490405261516571,-0.2529827356338501,합작 계정을 처리하는 과정을 살펴보고 싶습니다.,저는 처리 과정을 살펴보고 싶습니다.,0.902356743812561,0.748630166053772,-0.15372657775878906,40
ind_Latn,KO-FIN-01100,듀레이션의 결과는 사용한 가정과 시장 데이터에 따라 달라질 수 있습니다.,Hasil dari dualisasi dapat bervariasi tergantung pada asumsi dan data pasar yang digunakan.,0.8534449338912964,Hasil Durasi dapat bervariasi tergantung pada asumsi dan data pasar yang digunakan.,0.6050036549568176,-0.2484412789344787,이중화의 결과는 가정과 사용된 시장 데이터에 따라 달라질 수 있습니다.,지속 결과는 가정과 사용된 시장 데이터에 따라 달라질 수 있습니다.,0.969769299030304,0.9260920286178589,-0.04367727041244507,40
mya_Mymr,KO-FIN-03245,증거금이 무엇인지 쉽게 설명해 주세요.,သက်သေခံငွေဆိုတာ ဘာလဲဆိုတာ ရှင်းပြပေးပါဦး။,0.8721901178359985,အထောက်အထားပါ။ ဆိုတာ ဘာလဲဆိုတာ ရှင်းပြပေးပါ။,0.6255000829696655,-0.246690034866333,증명서가 무엇인지 설명해 주세요.,증거는 무엇인가요? 설명해 주세요.,0.8080831170082092,0.7010425329208374,-0.10704058408737183,20
tha_Thai,KO-FIN-01986,스칼퍼와 관련된 시장 정보를 확인하고 싶습니다.,ผมต้องการตรวจสอบข้อมูลตลาดที่เกี่ยวข้องกับสเกลเปอร์,0.7799279093742371,ผมต้องการตรวจสอบข้อมูลตลาดที่เกี่ยวข้องกับ ผู้เก็งกำไรระยะสั้น,0.5336037278175354,-0.2463241815567016,스칼퍼와 관련된 시장 정보를 확인하고 싶습니다.,저는 단기 투자자에 대한 시장 정보를 확인하고 싶습니다.,0.9999998807907104,0.7383326888084412,-0.2616671919822693,40
tgl_Latn,KO-FIN-02042,시간외 종가매매와 관련된 시장 정보를 확인하고 싶습니다.,Gusto kong suriin ang impormasyon ng merkado na may kinalaman sa mga out-of-hours na kalakalan.,0.800477921962738,Gusto kong suriin ang impormasyon ng merkado na nauugnay sa Pagbebenta ng mga tunog sa labas ng oras.,0.5573071241378784,-0.2431707978248596,저는 외환 거래와 관련된 시장 정보를 살펴보고 싶습니다.,시중 음향 판매와 관련된 시장 정보를 살펴보고 싶습니다.,0.8479679822921753,0.8275967836380005,-0.020371198654174805,40
mya_Mymr,KO-FIN-03955,풀서비스 브로커와 관련해 투자 전에 확인해야 할 사항이 있나요?,ရင်းနှီးမြှုပ်နှံမှု မလုပ်ခင်မှာ Full-Service Broker တွေနဲ့ ပတ်သက်ပြီး စစ်ဆေးသင့်တဲ့ အချက်တွေရှိလား။,0.8699710369110107,အပြည့်အဝ ဝန်ဆောင်မှု ရောင်းဝယ်သူပါ။ နဲ့ပတ်သက်ပြီး ရင်းနှီးမြှုပ်နှံမှု မလုပ်ခင် သေချာဖို့ အချက်တွေရှိလား။,0.6339663863182068,-0.2360046505928039,투자하기 전에 풀 서비스 브로커에 대해 확인해야 할 점이 있나요?,전 서비스 판매자입니다. 투자하기 전에 확실히 해야 할 사항이 있나요?,0.9819554090499878,0.7701410055160522,-0.21181440353393555,20
tha_Thai,KO-FIN-01100,듀레이션의 결과는 사용한 가정과 시장 데이터에 따라 달라질 수 있습니다.,ผลลัพธ์ของการผสมผสานอาจแตกต่างกันขึ้นอยู่กับข้อมูลที่ใช้ในสมมุติฐานและตลาด,0.812104344367981,ผลลัพธ์ของ ระยะเวลา อาจแตกต่างกันไปขึ้นอยู่กับสมมติฐานและข้อมูลตลาดที่ใช้,0.5778248906135559,-0.234279453754425,합병의 결과는 가설과 시장에 사용되는 정보에 따라 달라질 수 있습니다.,시기의 결과는 가설과 시장 데이터에 따라 달라질 수 있습니다.,0.8605751991271973,0.8339315056800842,-0.026643693447113037,40
mya_Mymr,KO-FIN-03455,차금결제 과정에서 문제가 발생한 것 같습니다.,ငွေပေးချေမှုမှာ ပြဿနာတစ်ခု ရှိပုံရတယ်။,0.7831099033355713,ငွေကြေး ဖြေရှင်းချက်။ လုပ်နေတုန်းမှာ ပြဿနာတစ်ခု ဖြစ်နေပုံရတယ်။,0.5503589510917664,-0.2327509522438049,트랜잭션에 문제가 있는 것 같습니다.,금융 솔루션: 작업 중에 문제가 있는 것 같습니다.,0.7249241471290588,0.6134179830551147,-0.11150616407394409,40
ind_Latn,KO-FIN-02661,이익잉여금이 무엇을 의미하나요?,Apa yang dimaksud dengan bonus keuntungan?,0.7740418314933777,Apa arti Laba ditahan?,0.5465346574783325,-0.2275071740150451,이윤 보너스란 무엇인가요?,'라바'는 무슨 뜻이야?,0.8108245134353638,0.5909516215324402,-0.21987289190292358,20
vie_Latn,KO-FIN-00609,규정재정이 금융거래에 어떻게 적용되나요?,Quy định tài chính được áp dụng như thế nào cho giao dịch tài chính?,0.8265944719314575,Xây dựng quy định được áp dụng như thế nào trong giao dịch tài chính này?,0.6041820049285889,-0.2224124670028686,금융 규제는 어떻게 금융 거래에 적용되는가?,이 금융 거래에서 어떻게 규제가 적용되는가?,0.9222962856292725,0.8776626586914062,-0.04463362693786621,40
ind_Latn,KO-FIN-00483,국민주와 관련해 투자 전에 확인해야 할 사항이 있나요?,Apakah ada hal-hal yang harus diperiksa sebelum berinvestasi?,0.8007725477218628,Apakah ada hal-hal yang perlu diperiksa sebelum berinvestasi terkait Lagu Kebangsaan?,0.5796450972557068,-0.221127450466156,투자하기 전에 확인해야 할 사항이 있나요?,국악에 대한 투자를 하기 전에 고려해야 할 사항이 있나요?,0.8647634387016296,0.8382555246353149,-0.026507914066314697,20
mya_Mymr,KO-FIN-02990,전업주의 처리 절차를 확인하고 싶습니다.,လုပ်ငန်းရှင်ရဲ့ စီမံခန့်ခွဲမှု လုပ်ငန်းစဉ်ကို စစ်ဆေးချင်ပါတယ်။,0.7369475364685059,အပြည့်အဝ အလုပ်သမား။ ကို စစ်ဆေးချင်ပါတယ်။,0.5165525674819946,-0.2203949689865112,저는 사업주들의 경영 프로세스를 살펴보고 싶었습니다.,"""완전 노동자""를 확인하고 싶습니다.",0.708422064781189,0.5887351036071777,-0.11968696117401123,40
tha_Thai,KO-FIN-05275,대출 상환일을 지나면 어떤 불이익이 있나요?,มีข้อเสียอะไรบ้างเมื่อวันชําระเงินผ่านไป?,0.7403551340103149,ผลจากการไม่ชำระหนี้เป็นเวลา การชำระหนี้ วันคืออะไร?,0.520825982093811,-0.2195291519165039,결제 날짜가 지나면 어떤 단점이 있을까요?,납부불이행의 결과는 얼마일까요?,0.8347815275192261,0.5987353324890137,-0.2360461950302124,80
vie_Latn,KO-FIN-01986,스칼퍼와 관련된 시장 정보를 확인하고 싶습니다.,Tôi muốn kiểm tra thông tin thị trường liên quan đến scalpers.,0.7335503101348877,Tôi muốn kiểm tra thông tin thị trường liên quan đến Nhà giao dịch lướt sóng.,0.5201928019523621,-0.2133575081825256,저는 스칼퍼들에 대한 시장 정보를 확인하고 싶습니다.,서핑 거래자에 대한 시장 정보를 확인하고 싶습니다.,0.9525468349456787,0.8624395728111267,-0.090107262134552,40
vie_Latn,KO-FIN-04244,backwardation은 다른 경제지표와 함께 해석하는 것이 좋습니다.,Backwardation có thể được hiểu cùng với các chỉ số kinh tế khác.,0.7690619826316833,Nên phân tích tình trạng giá kỳ hạn thấp hơn giá giao ngay cùng với các chỉ số kinh tế khác.,0.5578174591064453,-0.211244523525238,백워드레이션은 다른 경제 지표와 함께 이해될 수 있습니다.,다른 경제 지표와 함께 거래 가격보다 낮은 선물 가격을 분석해야 합니다.,0.824095606803894,0.6396194696426392,-0.18447613716125488,40
mya_Mymr,KO-FIN-02719,인덱스펀드에 가입하기 전에 어떤 점을 확인해야 하나요?,Index Fund မှာ မပါဝင်ခင် ဘယ်အချက်တွေကို စစ်ဆေးသင့်လဲ။,0.8211583495140076,အညွှန်းငွေ။ ကို မဝင်ခင် ဘယ်အချက်တွေကို စစ်ဆေးသင့်လဲ။,0.6135023236274719,-0.2076560258865356,인덱스 펀드에 가입하기 전에 어떤 요소를 확인해야 할까요?,지표: 인터넷에 접속하기 전에 어떤 점들을 확인해야 할까요?,0.9732929468154907,0.7275951504707336,-0.24569779634475708,40
vie_Latn,KO-FIN-04243,최근 backwardation의 변화를 확인하고 싶습니다.,Tôi muốn kiểm tra những thay đổi gần đây về backwardation.,0.7565850615501404,Tôi muốn xem những thay đổi gần đây của tình trạng giá kỳ hạn thấp hơn giá giao ngay.,0.5514154434204102,-0.2051696181297302,저는 최근 백워드레이션에 대한 변화를 살펴보고 싶습니다.,제가 보고 싶은 것은 바로가기 가격보다 낮은 선물 가격의 최근 변화입니다.,0.9135497808456421,0.6742581725120544,-0.23929160833358765,40
tha_Thai,KO-FIN-02086,신용거래와 관련된 시장 정보를 확인하고 싶습니다.,ผมต้องการตรวจสอบข้อมูลตลาดเกี่ยวกับการซื้อขายสินเชื่อ,0.7400881052017212,ผมต้องการตรวจสอบข้อมูลตลาดที่เกี่ยวข้องกับ การซื้อขายด้วยมาร์จิ้น,0.5400863289833069,-0.2000017762184143,저는 채권 거래에 대한 시장 정보를 확인하고 싶습니다.,마진 거래와 관련된 시장 정보를 확인하고 싶습니다.,0.9311419725418091,0.907337486743927,-0.02380448579788208,20
tgl_Latn,KO-FIN-02309,영시조항이 무엇을 의미하나요?,Ano ang ibig sabihin ng British Charter?,0.6730504035949707,Ano ang ibig sabihin ng Mga Batas ng Pranses?,0.4801542460918426,-0.192896157503128,영국 헌법은 무엇을 의미할까요?,프랑스 법은 무엇을 의미합니까?,0.7232393026351929,0.654633641242981,-0.06860566139221191,40
ind_Latn,KO-FIN-04026,할인발행을 이용하려면 어떤 조건이 필요한가요?,Apa syarat yang harus dipenuhi untuk menggunakan diskon?,0.878377377986908,Apa saja syarat yang diperlukan untuk menggunakan Penerbitan dengan diskon?,0.6871386170387268,-0.1912387609481811,할인 혜택을 받으려면 어떤 조건이 있어야 할까요?,할인된 출판물을 사용하려면 어떤 조건이 필요합니다?,0.9407781362533569,0.8950832486152649,-0.04569488763809204,20
tgl_Latn,KO-FIN-00085,강세장이 무엇을 의미하나요?,Ano ang ibig sabihin ng Stronghold?,0.6423659920692444,Ano ang ibig sabihin ng Kapamilya.?,0.4519276320934295,-0.1904383599758148,포항은 무슨 뜻일까요?,'가족'이란 무슨 뜻일까요?,0.7623107433319092,0.5847365856170654,-0.17757415771484375,40
tgl_Latn,KO-FIN-02801,일중대월이 무엇인지 설명해 주세요.,Ipaliwanag sa akin kung ano ang lunar month.,0.6470398902893066,Ipaliwanag kung ano ang Sa loob ng isang buwan.,0.460673838853836,-0.1863660514354705,달이 어떤 달인지 설명해 주세요.,한 달 안에 어떻게 되는지 설명해줘,0.7998195886611938,0.6937406659126282,-0.10607892274856567,40
mya_Mymr,KO-FIN-01490,보증사채의 조건과 수익 구조를 확인하고 싶습니다.,အာမခံစာချုပ်ရဲ့ စည်းကမ်းချက်တွေနဲ့ ဝင်ငွေ တည်ဆောက်ပုံကို စစ်ဆေးချင်တယ်။,0.8282026052474976,အာမခံချက်။ ရဲ့ အခြေအနေနဲ့ ဝင်ငွေ တည်ဆောက်ပုံကို စစ်ဆေးချင်ပါတယ်။,0.6426352262496948,-0.1855673789978027,보험계약의 조건과 수입 구조를 살펴보고 싶었습니다.,"저는 ""보험""의 경우와 소득 구조를 살펴보고 싶었습니다.",0.8801274299621582,0.7955540418624878,-0.08457338809967041,20
ind_Latn,KO-FIN-00185,결제리스크 관리제도가 무엇인지 설명해 주세요.,Jelaskan apa itu sistem manajemen risiko pembayaran.,0.8715325593948364,Tolong jelaskan apa itu Sistem Pengelolaan Risiko Pembayaran.,0.6862572431564331,-0.1852753162384033,지불 위험 관리 시스템이 무엇인지 설명해 주세요.,지불 위험 관리 시스템이 무엇인지 설명해 주시겠습니까?,0.8667805194854736,0.8191424608230591,-0.04763805866241455,20
mya_Mymr,KO-FIN-00619,근저당을 이용할 때 필요한 서류는 무엇인가요?,အခြေခံအဆောက်အအုံကို သုံးဖို့ လိုအပ်တဲ့ စာရွက်စာတမ်းတွေက ဘာတွေလဲ။,0.7363670468330383,အဆိုးဆုံးပါ။ ကို အသုံးပြုဖို့ လိုအပ်တဲ့ စာရွက်စာတမ်းတွေက ဘာတွေလဲ။,0.5512850880622864,-0.1850819587707519,이 인프라를 이용하려면 어떤 서류가 필요할까요?,"가장 나쁜 것은, 어떤 서류가 필요한가?",0.785463809967041,0.640703022480011,-0.14476078748703003,40
ind_Latn,KO-FIN-04027,할인발행과 관련된 비용과 절차를 확인하고 싶습니다.,Saya ingin memeriksa biaya dan prosedur yang terkait dengan diskon.,0.8589301109313965,Saya ingin mengetahui biaya dan prosedur yang terkait dengan Penerbitan dengan diskon.,0.6741332411766052,-0.1847968697547912,할인 관련 비용과 절차를 살펴보고 싶습니다.,저는 할인된 출판에 관련된 비용과 절차를 알고 싶습니다.,0.9612820148468018,0.897981584072113,-0.06330043077468872,20
tgl_Latn,KO-FIN-01569,부실채권정리기금채권이 무엇인지 설명해 주세요.,Ipaliwanag sa akin kung ano ang mga utang ng insolvency fund.,0.6707218885421753,Ipaliwanag kung ano ang Mga utang sa mga bangko.,0.4872148334980011,-0.1835070550441742,이불기금의 부채가 무엇인지 설명해 주세요.,은행의 부채가 무엇인지 설명해 주세요.,0.9057704210281372,0.7570627331733704,-0.14870768785476685,40
tha_Thai,KO-FIN-02719,인덱스펀드에 가입하기 전에 어떤 점을 확인해야 하나요?,อะไรคือสิ่งที่คุณต้องตรวจสอบ ก่อนที่จะสมัครสมาชิกในกองทุนอินเด็กซ์,0.8248968124389648,ควรตรวจสอบอะไรก่อนสมัคร กองทุนดัชนี?,0.6451224088668823,-0.1797744035720825,인덱스 펀드에 가입하기 전에 확인해야 할 사항은 무엇일까요?,듀시 펀드 신청 전에 어떤 점검을 해야 할까요?,0.9798930883407593,0.7958968877792358,-0.18399620056152344,40
mya_Mymr,KO-FIN-02199,쌍방연계방식과 관련된 내용을 확인하고 싶습니다.,နှစ်ဖက်ဆက်သွယ်မှုပုံစံနဲ့ ပတ်သက်တဲ့ အချက်အလက်တွေကို ကြည့်ချင်ပါတယ်။,0.7735472321510315,နှစ်ဖက်ဆက်သွယ်မှု ပုံစံပါ။ နဲ့ ပတ်သက်တဲ့ အကြောင်းအရာတွေကို စစ်ဆေးချင်ပါတယ်။,0.6001058220863342,-0.1734414100646972,저는 이 양방향 커뮤니케이션 패턴에 대한 자료를 보고 싶습니다.,저는 이 양방향 커뮤니케이션 방식에 대해 연구하고 싶었습니다.,0.7311995625495911,0.7093148231506348,-0.0218847393989563,50
mya_Mymr,KO-FIN-03037,정시상환이 무엇인지 설명해 주세요.,အချိန်နဲ့တပြေးညီ ပြောင်းလဲမှုဆိုတာ ဘာလဲဆိုတာ ရှင်းပြပေးပါဦး။,0.6850714683532715,အချိန်ကိုက် အခြေအနေပါ။ ဆိုတာ ဘာလဲဆိုတာ ရှင်းပြပေးပါဦး။,0.5144421458244324,-0.1706293225288391,실시간 트랜스포먼트가 무엇인지 설명해 주세요.,"""현시적 상황""이란 무엇인가요?",0.7583927512168884,0.4881508946418762,-0.2702418565750122,50
mya_Mymr,KO-FIN-04131,혼합주와 관련해 투자 전에 확인해야 할 사항이 있나요?,ရင်းနှီးမြှုပ်နှံမှု မလုပ်ခင် မိတ်ဖက် ရှယ်ယာရှင်တွေနဲ့ ပတ်သက်ပြီး စစ်ဆေးဖို့လိုတာ တစ်ခုခုရှိလား။,0.7244455218315125,ရောစပ်ထားတယ်။ နဲ့ပတ်သက်ပြီး ရင်းနှီးမြှုပ်နှံမှု မလုပ်ခင် သေချာဖို့ အချက်တွေရှိလား။,0.5570427179336548,-0.1674028038978576,투자하기 전에 제 주주들에게 확인해야 할 것이 있나요?,투자하기 전에 확신해야 할 것이 있나요?,0.8438057899475098,0.8038699626922607,-0.03993582725524902,40
vie_Latn,KO-FIN-02042,시간외 종가매매와 관련된 시장 정보를 확인하고 싶습니다.,Tôi muốn kiểm tra thông tin thị trường liên quan đến việc bán hàng ngoài giờ.,0.7612730264663696,Tôi muốn xem thông tin thị trường liên quan đến Giao dịch theo giá đóng cửa ngoài giờ.,0.6081353425979614,-0.1531376838684082,오프타임 판매와 관련된 시장 정보를 확인하고 싶습니다.,마켓 정보를 보고 싶습니다.,0.9490377902984619,0.7083154916763306,-0.24072229862213135,40
mya_Mymr,KO-FIN-00193,결제순서조작이 무엇인지 설명해 주세요.,ငွေပေးချေမှု စနစ်က ဘာလဲဆိုတာ ရှင်းပြပေးပါ။,0.6853777170181274,အပြီးသတ် စီမံကိန်း။ ဆိုတာ ဘာလဲဆိုတာ ရှင်းပြပေးပါဦး။,0.5331606268882751,-0.1522170901298523,결제 시스템이 무엇인지 설명해 주세요.,최종 프로젝트가 무엇인지 설명해 주세요.,0.8522025346755981,0.5456610321998596,-0.3065415024757385,40
ind_Latn,KO-FIN-01506,보호예수 처리 절차를 확인하고 싶습니다.,Saya ingin memeriksa prosedur pengolahan perlindungan Yesus.,0.6517480611801147,Saya ingin mengetahui prosedur penanganan Periode pembekuan.,0.4996183812618255,-0.1521296799182891,예수 보호 처리에 대한 절차를 확인하고 싶습니다.,냉각기를 처리하는 절차를 알고 싶습니다.,0.8245731592178345,0.6859767436981201,-0.13859641551971436,40
tha_Thai,KO-FIN-02437,우리사주조합이 무엇인지 설명해 주세요.,อธิบายว่าสหกรณ์ของเราคืออะไร,0.6326823830604553,กรุณาอธิบายว่า โครงการให้พนักงานถือหุ้น คืออะไร,0.4823409616947174,-0.1503414213657379,우리 협동조합이 무엇인지 설명해 주세요.,직원 주주제도가 무엇인지 설명해 주시겠습니까?,0.935897946357727,0.6580650210380554,-0.27783292531967163,40
tha_Thai,KO-FIN-04729,Lamfalussy기준이 무엇인지 설명해 주세요.,อธิบายมาตรฐาน Lamfalussy หน่อยครับ,0.7696467638015747,กรุณาอธิบายว่า กรอบงาน Lamfalussy คืออะไร,0.619970440864563,-0.1496763229370117,램팔루시 기준에 대해 설명해 주세요.,램팔루시 행사가 무엇인지 설명해 주시겠습니까?,0.7997177243232727,0.6355544328689575,-0.16416329145431519,40
mya_Mymr,KO-FIN-00609,규정재정이 금융거래에 어떻게 적용되나요?,စည်းမျဉ်းစည်းကမ်းတွေဟာ ငွေကြေး ကုန်သွယ်မှုမှာ ဘယ်လို အသုံးဝင်လဲ။,0.8137281537055969,ဒါကို ငွေကြေး ကုန်သွယ်မှုမှာ ဘယ်လို အသုံးချလဲ။,0.6659654378890991,-0.1477627158164978,금융 거래에서 규칙은 어떻게 유용할까요?,이것을 어떻게 금융 거래에 적용할 수 있을까요?,0.9111562371253967,0.7985455989837646,-0.11261063814163208,20
tha_Thai,KO-FIN-05123,tax call option과 관련된 납부 내역을 확인하고 싶습니다.,ผมต้องการตรวจสอบข้อมูลการชําระเงินที่เกี่ยวข้องกับตัวเลือกการเรียกภาษี,0.8069701194763184,ผมต้องการตรวจสอบประวัติการชำระเงินที่เกี่ยวข้องกับ สิทธิ์ซื้อภาษี,0.6593005657196045,-0.1476695537567138,세금을 청구할 수 있는 옵션에 대한 결제 정보를 확인하고 싶습니다.,세금권에 대한 지불 기록을 확인하고 싶습니다.,0.8666179180145264,0.8330341577529907,-0.033583760261535645,40
ind_Latn,KO-FIN-00939,단위형 투자신탁에 가입하기 전에 어떤 점을 확인해야 하나요?,Apa yang harus diperiksa sebelum bergabung dengan Unit Investment Trust?,0.8463542461395264,Apa saja yang perlu diperiksa sebelum mendaftar ke Reksa Dana Tipe Unit?,0.7046043872833252,-0.1417498588562011,유닛투자신탁에 가입하기 전에 무엇을 확인해야 할까요?,유닛 펀드에 가입하기 전에 확인해야 할 사항은 무엇일까요?,0.9438202381134033,0.9064054489135742,-0.0374147891998291,40
tgl_Latn,KO-FIN-00863,내부수익률과 관련된 투자 정보를 확인하고 싶습니다.,Gusto kong suriin ang impormasyon sa pamumuhunan na may kinalaman sa internal rate of return.,0.7192367911338806,Gusto kong suriin ang impormasyon ng pamumuhunan na nauugnay sa Ang mga panloob na kita.,0.5775668621063232,-0.1416699290275573,저는 내부 수익률과 관련된 투자 정보를 살펴보고 싶습니다.,내수와 관련된 투자 정보를 살펴보고 싶습니다.,0.977889895439148,0.9002043008804321,-0.07768559455871582,20
ind_Latn,KO-FIN-01175,만기보유전략과 관련된 투자 정보를 확인하고 싶습니다.,Saya ingin melihat informasi investasi yang terkait dengan strategi perpetual protection.,0.6911526322364807,Saya ingin memeriksa informasi investasi terkait Strategi Memegang Sampai Jatuh Tempo.,0.5496718883514404,-0.1414807438850402,저는 영구 보호 전략과 관련된 투자 정보를 보고 싶습니다.,투자 정보를 확인하고 싶습니다.,0.9241478443145752,0.7355152368545532,-0.18863260746002197,40
tgl_Latn,KO-FIN-04027,할인발행과 관련된 비용과 절차를 확인하고 싶습니다.,Gusto kong suriin ang mga gastos at pamamaraan na nauugnay sa pagbubukas ng diskwento.,0.7705767154693604,Gusto kong suriin ang mga gastos at pamamaraan na nauugnay sa Discount pag-alis.,0.6336804628372192,-0.1368962526321411,저는 할인금 개설에 관련된 비용과 절차를 검토하고 싶습니다.,저는 디스카운트 탈퇴와 관련된 비용과 절차를 검토하고 싶습니다.,0.9326029419898987,0.8690942525863647,-0.06350868940353394,20
tha_Thai,KO-FIN-04244,backwardation은 다른 경제지표와 함께 해석하는 것이 좋습니다.,Backwardation ดีที่จะอธิบายมันพร้อมกับตัวชี้วัดทางเศรษฐกิจอื่นๆ,0.6761690974235535,ควรวิเคราะห์ ภาวะราคาล่วงหน้าต่ำกว่าราคาตลาดปัจจุบัน ร่วมกับตัวชี้วัดทางเศรษฐกิจอื่น ๆ,0.5402750372886658,-0.1358940601348877,경제의 다른 지표와 함께 설명하는 것이 좋습니다.,다른 경제 지표와 함께 현재 시장 가격보다 낮은 전면 가격을 분석해야 합니다.,0.8063428401947021,0.6200908422470093,-0.18625199794769287,40
tgl_Latn,KO-FIN-03455,차금결제 과정에서 문제가 발생한 것 같습니다.,Parang may problema sa pagbabayad ng utang.,0.7146471738815308,Mukhang may problema sa Pag-aayos ng pera.,0.5800989866256714,-0.1345481872558593,빚을 갚는 데 문제가 있는 것 같습니다.,돈 관리에 문제가 있는 것 같습니다.,0.785777747631073,0.7338082790374756,-0.05196946859359741,40
ind_Latn,KO-FIN-05017,settlement이 무엇인지 설명해 주세요.,Jelaskan apa itu settlement.,0.8552812337875366,Tolong jelaskan apa itu penyelesaian.,0.7263779640197754,-0.1289032697677612,합의가 무엇인지 설명해 주세요.,해결책이 무엇인지 설명해 주세요.,0.8707444667816162,0.840293288230896,-0.030451178550720215,50
tgl_Latn,KO-FIN-02702,이표채의 조건과 수익 구조를 확인하고 싶습니다.,Gusto kong malaman kung ano ang mga kondisyon ng utang na ito at ang istraktura ng kita.,0.648240327835083,Gusto kong suriin ang mga kondisyon at istraktura ng kita ng Ang mga tanda na ito.,0.5193527936935425,-0.1288875341415405,이 대출의 조건과 수익 구조를 알고 싶습니다.,저는 이 기호들의 조건과 소득구조를 살펴보고 싶습니다.,0.8997671604156494,0.8607516288757324,-0.03901553153991699,40
ind_Latn,KO-FIN-02150,실기주 처리 절차를 확인하고 싶습니다.,Saya ingin memeriksa proses pengolahan yang sebenarnya.,0.6491574048995972,Saya ingin mengetahui prosedur penanganan Saham yang diperdagangkan secara aktif.,0.520425021648407,-0.1287323832511901,저는 실제 처리 과정을 확인하고 싶습니다.,적극적으로 거래되는 주식을 처리하는 절차를 알고 싶습니다.,0.8605983257293701,0.683452308177948,-0.17714601755142212,50
tgl_Latn,KO-FIN-02389,외국보관기관이 무엇인지 설명해 주세요.,Ipaliwanag sa akin kung ano ang Foreign Service.,0.6484105587005615,Ipaliwanag kung ano ang Mga Tagapangasiwa ng Banyagang Bansa.,0.5217732191085815,-0.1266373395919799,외무부가 무엇인지 설명해 주세요.,외국의 감독자란 무엇인지를 설명하세요.,0.8884861469268799,0.8444055318832397,-0.04408061504364014,20
mya_Mymr,KO-FIN-00275,계약형투자신탁에 가입하기 전에 어떤 점을 확인해야 하나요?,ချုပ်ဆိုထားတဲ့ ရင်းနှီးမြှုပ်နှံမှုအဖွဲ့ကို မဝင်ခင် ဘယ်အချက်တွေကို စစ်ဆေးသင့်လဲ။,0.6876894235610962,ချုပ်ဆိုထားတဲ့ ရင်းနှီးမြှုပ်နှံမှု ယုံကြည်မှုပါ။ ကို မဝင်ခင် ဘယ်အချက်တွေကို စစ်ဆေးသင့်လဲ။,0.5626775026321411,-0.125011920928955,자금조달에 참여하기 전에 어떤 점들을 확인해야 할까요?,자금 투자 신뢰: 가입하기 전에 어떤 점들을 확인해야 할까요?,0.8881274461746216,0.7936587333679199,-0.09446871280670166,40
vie_Latn,KO-FIN-03562,채무불이행이 금융거래에 어떤 영향을 주나요?,Mất nợ ảnh hưởng như thế nào đến giao dịch tài chính?,0.8197355270385742,Vỡ nợ có ảnh hưởng như thế nào đến giao dịch tài chính này?,0.6948487758636475,-0.1248867511749267,부채 손실은 금융 거래에 어떤 영향을 미치나요?,부채가 이 금융 거래에 어떤 영향을 미치나요?,0.9309239983558655,0.8833686113357544,-0.047555387020111084,40
tgl_Latn,KO-FIN-03856,특별인출권과 관련된 거래에서는 국가별 규정과 통화를 함께 확인해야 합니다.,"Sa mga transaksyon na may kinalaman sa mga espesyal na karapatan, kailangan mong i-verify ang mga panuntunan ng bansa at ang pera.",0.7167762517929077,"Sa mga transaksyon na nauugnay sa Pangkalahatang Patent, dapat mong suriin ang mga panuntunan ng bansa at pera.",0.593017578125,-0.1237586736679077,특권과 관련된 거래에서는 국가와 통화 규정을 확인해야 합니다.,유니버설 특허와 관련된 거래에서는 국가와 통화 규정을 검토해야 합니다.,0.9072793126106262,0.8107587695121765,-0.09652054309844971,40
mya_Mymr,KO-FIN-00939,단위형 투자신탁에 가입하기 전에 어떤 점을 확인해야 하나요?,Unitary Investment Trust မှာ မဝင်ခင် ဘယ်အချက်တွေကို စစ်ဆေးသင့်လဲ။,0.8693169355392456,တစ်စိတ်တစ်ပိုင်း ရင်းနှီးမြှုပ်နှံမှု ကို မဝင်ခင် ဘယ်အချက်တွေကို စစ်ဆေးသင့်လဲ။,0.7463399171829224,-0.1229770183563232,유니터리 투자기금에 가입하기 전에 어떤 점들을 확인해야 할까요?,부분적으로 투자하기 전에 어떤 요소를 확인해야 할까요?,0.92457115650177,0.8162592053413391,-0.10831195116043091,20
tha_Thai,KO-FIN-02150,실기주 처리 절차를 확인하고 싶습니다.,ผมต้องการตรวจสอบขั้นตอนการดําเนินงาน,0.6143165826797485,ผมต้องการตรวจสอบขั้นตอนการดำเนินการสำหรับ หุ้นสามัญ,0.4964448511600494,-0.1178717315196991,운영 절차를 확인하고 싶습니다.,주식회사의 절차를 확인하고 싶습니다.,0.8519214987754822,0.8257673978805542,-0.02615410089492798,20
tgl_Latn,KO-FIN-04026,할인발행을 이용하려면 어떤 조건이 필요한가요?,Ano ang mga kundisyon para magamit ang diskwento?,0.8361344933509827,Ano ang mga kundisyon para magamit ang Discount pag-alis?,0.7185676693916321,-0.1175668239593505,할인 혜택을 받을 수 있는 조건은 무엇일까요?,퇴장 할인 혜택을 받을 수 있는 조건은 무엇입니까?,0.8782081604003906,0.844165563583374,-0.0340425968170166,20
vie_Latn,KO-FIN-01100,듀레이션의 결과는 사용한 가정과 시장 데이터에 따라 달라질 수 있습니다.,Kết quả của việc phân phối có thể thay đổi tùy thuộc vào các giả định và dữ liệu thị trường được sử dụng.,0.7224701642990112,Kết quả của Thời lượng có thể thay đổi tùy thuộc vào các giả định và dữ liệu thị trường được sử dụng.,0.6054770946502686,-0.1169930696487426,배포의 결과는 가정과 사용된 시장 데이터에 따라 달라질 수 있습니다.,기간의 결과는 가정과 사용된 시장 데이터에 따라 달라질 수 있습니다.,0.9251593351364136,0.9032033681869507,-0.02195596694946289,40
mya_Mymr,KO-FIN-02540,유동화 중개기관은 심사 결과에 따라 이용 가능 여부가 달라질 수 있습니다.,liquidity brokerage တွေဟာ သုံးစွဲမှုအပေါ် မူတည်ပြီး ကွဲပြားနိုင်ပါတယ်။,0.6436561346054077,အရည်အသွေးမြှင့်တင်ရေး ကြားခံစနစ်။ ဟာ သုံးစွဲမှုအပေါ် မူတည်ပြီး ပြောင်းလဲနိုင်ပါတယ်။,0.528186559677124,-0.1154695749282836,유동성 중개는 용도에 따라 달라집니다.,양성 인터페이스는 애플리케이션에 따라 바뀔 수 있습니다.,0.5681955814361572,0.5285975337028503,-0.039598047733306885,40
tgl_Latn,KO-FIN-00193,결제순서조작이 무엇인지 설명해 주세요.,Ipaliwanag sa akin kung ano ang pag-aayos ng pagbabayad.,0.5610276460647583,Ipaliwanag kung ano ang Pag-aayos ng mga order ng pagtatapos.,0.446486234664917,-0.1145414113998413,결제 계약에 대해 설명해 주세요.,마감 순서를 정하는 것이 무엇인지 설명하십시오.,0.8060580492019653,0.7527161836624146,-0.05334186553955078,40
vie_Latn,KO-FIN-02223,액면발행과 관련된 비용과 절차를 확인하고 싶습니다.,Tôi muốn kiểm tra chi phí và quy trình liên quan đến việc phát hành tiền mặt.,0.7346347570419312,Tôi muốn tìm hiểu về các chi phí và thủ tục liên quan đến Phát hành theo mệnh giá.,0.6201832294464111,-0.11445152759552,현금 발행에 대한 비용과 절차를 살펴보고 싶습니다.,가격에 대한 비용과 절차에 대해 알아보고 싶습니다.,0.8992486596107483,0.8413604497909546,-0.0578882098197937,20
mya_Mymr,KO-FIN-02254,역금리와 관련된 거래 조건을 확인하고 싶습니다.,ငွေလဲလှယ်နှုန်းနဲ့ ပတ်သက်တဲ့ ငွေလဲလှယ်မှု အခြေအနေတွေကို စစ်ဆေးချင်ပါတယ်။,0.6544139385223389,ဆန့်ကျင်ဘက် အတားအဆီးပါ။ နဲ့ ပတ်သက်တဲ့ ကုန်သွယ်မှု စည်းမျဉ်းတွေကို စစ်ဆေးချင်ပါတယ်။,0.5428686738014221,-0.1115452647209167,우리는 환율에 대한 환율의 상태를 확인하고 싶습니다.,반대편의 장벽입니다.,0.7167365550994873,0.24408632516860962,-0.4726502299308777,50
tgl_Latn,KO-FIN-01561,부실채권 정리기금이 무엇인지 설명해 주세요.,Ipaliwanag sa akin kung ano ang disaster fund.,0.5838145613670349,Ipaliwanag kung ano ang Mga pondo para sa mga utang sa bangko.,0.4744864404201507,-0.1093281209468841,재난 기금이란 무엇인가 설명해 주세요.,은행 부채를 위한 자금이 무엇인지 설명해 주세요.,0.820258378982544,0.7629752159118652,-0.05728316307067871,20
vie_Latn,KO-FIN-01506,보호예수 처리 절차를 확인하고 싶습니다.,Tôi muốn xác minh các quy trình xử lý bảo vệ Jesus.,0.5635895729064941,Tôi muốn tìm hiểu về quy trình xử lý Thời gian khóa cổ phiếu.,0.4544843733310699,-0.1091051995754242,제스스를 보호하기 위한 처리 절차를 확인하고 싶습니다.,주식 봉쇄시스템에 대해 알아보고 싶습니다.,0.8221539258956909,0.6644393801689148,-0.15771454572677612,40
mya_Mymr,KO-FIN-00085,강세장이 무엇을 의미하나요?,ခိုင်မာတဲ့ မြို့ကြီးဆိုတာက ဘာကိုဆိုလိုတာလဲ။,0.6629378199577332,ဗိုလ်ချုပ်ကြီး။ ဆိုတာ ဘာကိုဆိုလိုတာလဲ။,0.5539885759353638,-0.1089492440223693,탄력적인 도시는 무엇을 의미할까요?,장군: 무슨 뜻이죠?,0.6694148778915405,0.5959248542785645,-0.07349002361297607,20
mya_Mymr,KO-FIN-05275,대출 상환일을 지나면 어떤 불이익이 있나요?,ချေးငွေ ပြန်ဆပ်တဲ့နေ့လွန်ရင် ဘယ်လိုအကျိုးဆက်တွေရှိလဲ။,0.8256449699401855,ချေးငွေ ပြန်ဆပ်ပေးပါ။ ရက်လွန်ရင် ဘယ်လိုအကျိုးဆက်တွေရှိလဲ။,0.7193229794502258,-0.1063219904899597,대출 기간을 넘어서면 어떤 결과를 초래할까요?,대출금을 갚으세요. 연봉이 지나면 어떤 결과가 있을까요?,0.8170369267463684,0.679985761642456,-0.13705116510391235,70
vie_Latn,KO-FIN-00234,겸업주의에서 이용할 수 있는 금융업무는 무엇인가요?,Những công việc tài chính nào có thể được sử dụng trong chủ nghĩa cộng tác?,0.6236878633499146,Các dịch vụ tài chính nào có sẵn tại Nguyên tắc kiêm nhiệm?,0.5186324715614319,-0.1050553917884826,어떤 금융업이 협동주의에 활용될 수 있을까요?,어떤 금융 서비스들이 책임감의 원칙에 의해 제공되는가?,0.8329252600669861,0.6850939393043518,-0.14783132076263428,40
mya_Mymr,KO-FIN-01569,부실채권정리기금채권이 무엇인지 설명해 주세요.,ချေးငွေချေးငွေဆိုတာ ဘာလဲဆိုတာ ရှင်းပြပေးပါဦး။,0.5489131212234497,ချေးငွေမဲ့ ချေးငွေမဲ့ ချေးငွေမဲ့ ဆိုတာ ဘာလဲဆိုတာ ရှင်းပြပေးပါဦး။,0.444360613822937,-0.1045525074005127,대출이 무엇인지 설명해 주세요.,신용카드가 무엇인지 설명해 주세요.,0.7982029914855957,0.7479084134101868,-0.050294578075408936,40
mya_Mymr,KO-FIN-02309,영시조항이 무엇을 의미하나요?,အင်္ဂလိပ်ဥပဒေက ဘာကိုဆိုလိုတာလဲ။,0.6310490965843201,အင်္ဂလိပ် ဥပဒေ။ ဆိုတာ ဘာကိုဆိုလိုတာလဲ။,0.52674400806427,-0.10430508852005,영국 법은 무엇을 의미할까요?,"""영국 법""이란 무엇일까요?",0.7066497206687927,0.5941510200500488,-0.1124987006187439,40
vie_Latn,KO-FIN-02437,우리사주조합이 무엇인지 설명해 주세요.,Hãy giải thích cho tôi biết tổ chức của chúng tôi là gì.,0.6313282251358032,Vui lòng giải thích Hiệp hội Cổ đông Nhân viên là gì.,0.5278368592262268,-0.1034913659095764,우리 조직에 대해 설명해 주세요.,직원 주식회사란 무엇인가 설명해 주시겠습니까?,0.7892588376998901,0.7156388163566589,-0.0736200213432312,40
tgl_Latn,KO-FIN-02661,이익잉여금이 무엇을 의미하나요?,Ano ang ibig sabihin ng bonus sa kita?,0.6581306457519531,Ano ang ibig sabihin ng Mga bonus ng kita?,0.5570177435874939,-0.1011129021644592,이윤 보너스는 어떤 의미일까요?,수익 보너스는 무엇을 의미합니까?,0.9112731218338013,0.8726840615272522,-0.03858906030654907,40
tgl_Latn,KO-FIN-03262,증권거래세와 관련된 시장 정보를 확인하고 싶습니다.,Gusto kong suriin ang impormasyon ng merkado tungkol sa buwis sa stock market.,0.6407699584960938,Gusto kong suriin ang impormasyon ng merkado na nauugnay sa Ito ay sa stock market..,0.5403019189834595,-0.1004680395126342,저는 주식 시장의 세금에 대한 시장 정보를 살펴보고 싶습니다.,이 정보와 관련된 시장 정보를 살펴보고 싶습니다.,0.926821231842041,0.8438814878463745,-0.0829397439956665,50
mya_Mymr,KO-FIN-01206,매매중지장치와 관련된 시장 정보를 확인하고 싶습니다.,စျေးကွက်ဆိုင်ရာ အချက်အလက်တွေကို ကြည့်ချင်ပါတယ်။,0.6672477722167969,ရောင်းဝယ်ရေး ကိရိယာပါ။ နဲ့ ပတ်သက်တဲ့ စျေးကွက် အချက်အလက်တွေကို စစ်ဆေးချင်ပါတယ်။,0.5668923854827881,-0.1003553867340087,시장 데이터를 보고 싶습니다.,"저는 시장의 정보를 조사하고,",0.7305818796157837,0.6438254117965698,-0.08675646781921387,40
tgl_Latn,KO-FIN-00867,내부유보와 관련해 투자 전에 확인해야 할 사항이 있나요?,Mayroon bang mga bagay na dapat mong suriin bago mag-invest tungkol sa mga insider?,0.6268503069877625,Mayroon bang mga bagay na dapat mong suriin bago mamuhunan tungkol sa Panloob na pag-aalaga?,0.5278167128562927,-0.0990335941314697,내부자들에 대해 투자하기 전에 고려해야 할 사항이 있나요?,가정의료에 투자하기 전에 고려해야 할 사항이 있나요?,0.9044493436813354,0.7755377888679504,-0.128911554813385,40
tgl_Latn,KO-FIN-00164,결산은 기준 시점과 작성 기준을 함께 확인해야 합니다.,Ang pagbabayad ay dapat kumpirmahin kasama ang mga pamantayan ng oras at ang mga pamantayan ng pagsulat.,0.6147193908691406,Ang Ang pagputol ay dapat na i-verify kasama ang mga pamantayan ng oras at mga pamantayan ng pagsulat.,0.519334614276886,-0.0953847765922546,지불은 시간 기준과 작성 기준으로 확인되어야 합니다.,절개는 시간 기준과 문자 기준과 함께 확인되어야 합니다.,0.7781196236610413,0.7381498217582703,-0.039969801902770996,70
tha_Thai,KO-FIN-01278,무담보사채의 조건과 수익 구조를 확인하고 싶습니다.,ผมอยากดูเงื่อนไขและโครงสร้างรายได้ของสินเชื่อที่ไม่มีหลักประกัน,0.8549141883850098,ผมต้องการตรวจสอบเงื่อนไขและโครงสร้างรายได้ของ พันธบัตรบริษัทแบบไม่มีหลักประกัน,0.7608896493911743,-0.0940245389938354,저는 비보험 대출의 조건과 수익 구조를 보고 싶습니다.,저는 유가증권의 조건과 수익 구조를 조사하고 싶습니다.,0.9340526461601257,0.9130720496177673,-0.0209805965423584,20
vie_Latn,KO-FIN-00993,대권이 무엇인지 설명해 주세요.,Hãy giải thích quyền đại diện là gì.,0.5699950456619263,Vui lòng giải thích Cuộc đua vào Nhà Trắng là gì.,0.4770911037921905,-0.0929039418697357,대리권이 무엇인지 설명해 주세요.,백악관 진출을 설명해 주시겠습니까?,0.9572243094444275,0.5322611927986145,-0.424963116645813,70
tgl_Latn,KO-FIN-00483,국민주와 관련해 투자 전에 확인해야 할 사항이 있나요?,Mayroon bang mga bagay na dapat mong suriin bago mamuhunan tungkol sa mga shareholder?,0.6117706894874573,Mayroon bang mga bagay na dapat mong suriin bago mamuhunan tungkol sa Pangulo ng Bansa?,0.5191625356674194,-0.0926081538200378,투자하기 전에 주주들에 대해 고려해야 할 사항이 있나요?,대통령에 대해 투자하기 전에 고려해야 할 사항이 있나요?,0.8899713158607483,0.8467439413070679,-0.04322737455368042,40
mya_Mymr,KO-FIN-02295,연속결제 과정에서 문제가 발생한 것 같습니다.,ဆက်တိုက်ဖြေရှင်းမှုမှာ ပြဿနာတစ်ခု ရှိပုံရတယ်။,0.6402028799057007,ဆက်တိုက် ဖြေရှင်းခြင်း။ လုပ်နေတုန်းမှာ ပြဿနာတစ်ခု ဖြစ်နေပုံရတယ်။,0.5478371977806091,-0.0923656821250915,연속적인 해결에 문제가 있는 것 같습니다.,연속적인 문제 해결: 작업 중에 문제가 있는 것 같습니다.,0.7974894642829895,0.6140453219413757,-0.18344414234161377,20
tgl_Latn,KO-FIN-00796,기본적분석의 결과는 사용한 가정과 시장 데이터에 따라 달라질 수 있습니다.,Ang mga resulta ng pangunahing pag-aaral ay maaaring mag-iiba depende sa mga pang-aakala at data ng merkado na ginamit.,0.8259583711624146,Ang mga resulta ng Pangunahing Pagsusuri ay maaaring mag-iiba depende sa mga pinag-aasang data at merkado na ginamit.,0.7349992990493774,-0.0909590721130371,기본 분석의 결과는 사용된 가설과 시장 데이터에 따라 다를 수 있습니다.,기본 분석의 결과는 예상 데이터와 사용된 시장에 따라 다를 수 있습니다.,0.9594562649726868,0.9099525213241577,-0.04950374364852905,40
tgl_Latn,KO-FIN-03583,청산결제시스템 과정에서 문제가 발생한 것 같습니다.,Parang may problema sa cleaning system.,0.5894848108291626,Mukhang may problema sa Mga sistema ng paglilinis.,0.5015118718147278,-0.0879729390144348,청소시스템에 문제가 있는 것 같습니다.,정화시스템에 문제가 있는 것 같아요,0.8160821795463562,0.7529737949371338,-0.06310838460922241,20
tgl_Latn,KO-FIN-02437,우리사주조합이 무엇인지 설명해 주세요.,Ipaliwanag sa akin kung ano ang aming korporasyon.,0.585610032081604,Ipaliwanag kung ano ang Ang aming mga shareholder..,0.4977411031723022,-0.0878689289093017,우리 기업에 대해 설명해 주세요.,우리 주주들에게 설명해줘,0.7264983654022217,0.6028234958648682,-0.12367486953735352,20
tgl_Latn,KO-FIN-03847,특별결의와 관련해 투자 전에 확인해야 할 사항이 있나요?,Mayroon bang mga bagay na dapat mong suriin bago mag-invest tungkol sa mga espesyal na desisyon?,0.6965023875236511,Mayroon bang mga bagay na dapat mong suriin bago mamuhunan tungkol sa Pangkalahatang desisyon?,0.6092937588691711,-0.0872086286544799,특별한 결정에 대해 투자하기 전에 고려해야 할 사항이 있습니까?,투자하기 전에 고려해야 할 사항이 있나요?,0.909989595413208,0.8378074169158936,-0.07218217849731445,40
ind_Latn,KO-FIN-02437,우리사주조합이 무엇인지 설명해 주세요.,Jelaskan apa itu asosiasi saham kami.,0.6164454221725464,Tolong jelaskan apa itu Asosiasi Pemegang Saham Karyawan.,0.530407190322876,-0.0860382318496704,우리 주식회사가 무엇인지 설명해 주세요.,직원 주주 협회가 무엇인지 설명해 주시겠습니까?,0.8631340265274048,0.7419977784156799,-0.12113624811172485,40
mya_Mymr,KO-FIN-02150,실기주 처리 절차를 확인하고 싶습니다.,ကျွန်တော်တို့ရဲ့ လက်ရှိ စီမံခန့်ခွဲမှု လုပ်ငန်းစဉ်ကို စစ်ဆေးချင်ပါတယ်။,0.6432895660400391,လေ့ကျင့်ခန်း ကို စစ်ဆေးချင်ပါတယ်။,0.5580346584320068,-0.0852549076080322,저는 현재 운영 절차를 살펴보고 싶습니다.,저는 운동을 시험하고 싶습니다.,0.7952598929405212,0.5009094476699829,-0.29435044527053833,40
mya_Mymr,KO-FIN-02460,원본위험은 거래 조건이나 이용 가능 여부에 영향을 줄 수 있습니다.,မူလအန္တရာယ်က ကုန်သွယ်မှု အခြေအနေတွေ (သို့) သုံးစွဲမှုအပေါ် သက်ရောက်မှုရှိနိုင်တယ်။,0.6940959692001343,မူလ အန္တရာယ်ပါ။ ဟာ ကုန်သွယ်မှု အခြေအနေတွေ (သို့) သုံးစွဲမှုအပေါ် သက်ရောက်မှုရှိနိုင်ပါတယ်။,0.6091504096984863,-0.0849455595016479,원래의 위험은 거래 조건이나 사용량에 영향을 줄 수 있습니다.,이 위험은 무역 상황이나 소비에 영향을 줄 수 있습니다.,0.8905603885650635,0.6970071196556091,-0.19355326890945435,20
tgl_Latn,KO-FIN-03567,채무불이행위험을 줄이려면 어떤 점을 확인해야 하나요?,Ano ang dapat mong suriin upang mabawasan ang panganib ng pagkalugi?,0.6493394374847412,Ano ang dapat kong suriin upang mabawasan ang Mga pagsubok sa pagkalugi?,0.5656399726867676,-0.0836994647979736,손실의 위험을 줄이기 위해 무엇을 고려해야 합니까?,실패에 대한 시험을 줄이기 위해 어떻게 해야 할까요?,0.8088865280151367,0.7417581081390381,-0.06712841987609863,40
mya_Mymr,KO-FIN-03583,청산결제시스템 과정에서 문제가 발생한 것 같습니다.,ရှင်းလင်းရေး စနစ်မှာ ပြဿနာတစ်ခု ရှိပုံရတယ်။,0.6286807060241699,သန့်ရှင်းရေး စနစ်ပါ။ လုပ်နေတုန်းမှာ ပြဿနာတစ်ခု ဖြစ်နေပုံရတယ်။,0.5463844537734985,-0.0822962522506713,정제 시스템에는 문제가 있는 것 같습니다.,세척 시스템입니다. 작업 중에 문제가 있는 것 같습니다.,0.8144296407699585,0.7179613709449768,-0.09646826982498169,20
tha_Thai,KO-FIN-03562,채무불이행이 금융거래에 어떤 영향을 주나요?,ภาษีหนี้ไม่ถูกต้อง มีผลต่อการซื้อขายทางการเงินอย่างไร?,0.6118068695068359,ค่าเริ่มต้น มีผลกระทบต่อธุรกรรมทางการเงินนี้อย่างไร?,0.5298728942871094,-0.0819339752197265,부당한 부채 세금이 금융 거래에 어떤 영향을 미치나요?,시작값이 이 금융 사업에 어떤 영향을 미치나요?,0.8718010187149048,0.7548099756240845,-0.11699104309082031,40
vie_Latn,KO-FIN-02681,이자락이 무엇을 의미하나요?,Điều này có nghĩa là gì?,0.5663022994995117,Tia sáng có nghĩa là gì?,0.4849667847156524,-0.0813355147838592,이게 무슨 뜻일까요?,빛이란 무엇인가요?,0.8286064863204956,0.5454350113868713,-0.28317147493362427,40
vie_Latn,KO-FIN-01006,대량매매와 관련된 시장 정보를 확인하고 싶습니다.,Tôi muốn kiểm tra thông tin thị trường liên quan đến bán hàng hàng loạt.,0.7857559323310852,Tôi muốn xem thông tin thị trường liên quan đến Giao dịch khối lượng lớn.,0.7045716643333435,-0.0811842679977417,대량 판매와 관련된 시장 정보를 확인하고 싶습니다.,대량 거래 관련 시장 정보를 보고 싶습니다.,0.995265781879425,0.9521969556808472,-0.04306882619857788,20
mya_Mymr,KO-FIN-03060,제로베타 포트폴리오의 결과는 사용한 가정과 시장 데이터에 따라 달라질 수 있습니다.,Jerobeta ရဲ့ ရလဒ်တွေဟာ သုံးထားတဲ့ ယူဆချက်တွေနဲ့ ဈေးကွက် ဒေတာကို အခြေခံပြီး ကွဲပြားနိုင်ပါတယ်။,0.7674269676208496,ဂျီရိုဗီတာ ပရိုဖိုင်လိုင်း ၏ ရလဒ်များသည် အသုံးပြုသော ယူဆချက်နှင့် ဈေးကွက် ဒေတာပေါ် မူတည်၍ ကွဲပြားနိုင်သည်။,0.6883165240287781,-0.0791104435920715,제로베타의 결과는 사용된 가정과 시장 데이터에 따라 다를 수 있습니다.,지로비타 프로필 라인의 결과는 사용된 가정과 시장 데이터에 따라 다를 수 있습니다.,0.9538793563842773,0.8870067596435547,-0.06687259674072266,20
tgl_Latn,KO-FIN-00738,금융통화운영위원회에서 이용할 수 있는 금융업무는 무엇인가요?,Ano ang mga tungkulin sa pananalapi na magagamit sa PMA?,0.5418204665184021,Ano ang mga serbisyo sa pananalapi na magagamit sa Pangkalahatang Pangkalahatang Pangkalahatang Pangkalahatang?,0.4629692137241363,-0.0788512527942657,PMA에서 사용할 수 있는 금융 기능은 무엇입니까?,금융 서비스의 종류는 어떤가요?,0.7509945631027222,0.6732974648475647,-0.07769709825515747,40
ind_Latn,KO-FIN-04785,Moddy's investment grade이 무엇인지 설명해 주세요.,Jelaskan apa itu Moddy's investment grade.,0.8662291169166565,Tolong jelaskan apa itu Peringkat investasi Moody's.,0.787696123123169,-0.0785329937934875,모디의 투자 등급이 무엇인지 설명해 주세요.,무디스 투자 등급이 무엇인지 설명해 주시겠습니까?,0.9313305616378784,0.8460630178451538,-0.08526754379272461,40
mya_Mymr,KO-FIN-02765,일반담보물이 무엇인지 설명해 주세요.,အထွေထွေ သတင်းအချက်အလက်ဆိုတာ ဘာလဲဆိုတာ ရှင်းပြပေးပါဦး။,0.608702540397644,ယေဘုယျ သတင်းပါ။ ဆိုတာ ဘာလဲဆိုတာ ရှင်းပြပေးပါဦး။,0.5308108329772949,-0.0778917074203491,일반 정보란 무엇인가요?,"""일반적인 정보""란 무엇인가요?",0.6563361883163452,0.6293272972106934,-0.027008891105651855,20
mya_Mymr,KO-FIN-00525,국제보관기관이 무엇인지 설명해 주세요.,အပြည်ပြည်ဆိုင်ရာ လုံခြုံရေး အေဂျင်စီဆိုတာ ဘာလဲဆိုတာ ရှင်းပြပေးပါဦး။,0.8094114065170288,နိုင်ငံတကာ စောင့်ကြည့်ရေးအဖွဲ့ ဆိုတာ ဘာလဲဆိုတာ ရှင်းပြပေးပါဦး။,0.7315877676010132,-0.0778236389160156,국제안보기관이 무엇인지 설명해 주세요.,국제 감시기구란 무엇인가요?,0.931350588798523,0.7073601484298706,-0.22399044036865234,20
tgl_Latn,KO-FIN-00619,근저당을 이용할 때 필요한 서류는 무엇인가요?,Ano ang mga dokumento na kailangan mo upang magamit ang base room?,0.5887607336044312,Anong mga dokumento ang kailanganin kapag gumagamit ka ng Nakakatakot.?,0.5129331350326538,-0.0758275985717773,기지실을 이용하려면 어떤 서류가 필요해요?,스피커를 사용하려면 어떤 서류가 필요할까요?,0.9340085983276367,0.7912640571594238,-0.1427445411682129,40
mya_Mymr,KO-FIN-04098,현물출자와 관련된 정보를 확인하고 싶습니다.,ဒီပစ္စည်းထုတ်သူနဲ့ ပတ်သက်တဲ့ သတင်းအချက်အလက်တွေကို စစ်ဆေးချင်တယ်။,0.6473610401153564,ပွင့်လင်းမြင်သာမှု နဲ့ ပတ်သက်တဲ့ အချက်အလက်တွေကို စစ်ဆေးချင်ပါတယ်။,0.5724976062774658,-0.0748634338378906,저는 이 물건의 제조자에 대한 정보를 확인하고 싶었습니다.,저는 투명성에 대한 자료를 테스트하고 싶었습니다.,0.7387822866439819,0.6089894771575928,-0.12979280948638916,40
tgl_Latn,KO-FIN-04098,현물출자와 관련된 정보를 확인하고 싶습니다.,Gusto kong suriin ang impormasyon tungkol sa naglalabas ng mga bagay.,0.5655746459960938,Gusto kong suriin ang impormasyon tungkol sa Ang pag-aalis..,0.4912748038768768,-0.0742998421192169,저는 물건의 출력자에 대한 정보를 확인하고 싶습니다.,탈퇴에 대한 정보를 확인하고 싶습니다.,0.8559003472328186,0.7775745391845703,-0.07832580804824829,40
mya_Mymr,KO-FIN-03178,주주와 관련된 정보를 확인하고 싶습니다.,ရှယ်ယာရှင်တွေနဲ့ ပတ်သက်တဲ့ အချက်အလက်တွေကို စစ်ဆေးချင်ပါတယ်။,0.8317190408706665,ရှယ်ယာရှင်။ နဲ့ ပတ်သက်တဲ့ အချက်အလက်တွေကို စစ်ဆေးချင်ပါတယ်။,0.7586212158203125,-0.073097825050354,저는 주주들에 대한 정보를 확인하고 싶었습니다.,주주님: 저는 이 회사와 관련된 자료를 확인하고 싶습니다.,0.8835861682891846,0.7027039527893066,-0.18088221549987793,30
mya_Mymr,KO-FIN-00999,대금지급보증시스템 과정에서 문제가 발생한 것 같습니다.,ငွေကြေးထောက်ပံ့မှု စနစ်မှာ ပြဿနာတစ်ခု ရှိပုံရတယ်။,0.6849364638328552,ငွေကြေးထောက်ပံ့မှု အာမခံစနစ်ပါ။ လုပ်နေတုန်းမှာ ပြဿနာတစ်ခု ဖြစ်နေပုံရတယ်။,0.611880362033844,-0.0730561017990112,금융시스템에 문제가 있는 것 같습니다.,자금보험제도입니다. 그리고 그 과정에서 문제가 생겼습니다.,0.7522386312484741,0.652988851070404,-0.09924978017807007,40
tgl_Latn,KO-FIN-02200,쌍방연계방식의 정확한 의미는 해당 금융거래의 맥락과 함께 확인해야 합니다.,Ang eksaktong kahulugan ng dalawang panig na komunikasyon ay dapat na matukoy sa konteksto ng kalakalan sa pananalapi.,0.6726293563842773,Ang eksaktong kahulugan ng Mga paraan ng pakikipag-ugnayan ay dapat patunayan sa konteksto ng kalakalan sa pananalapi.,0.5998836755752563,-0.072745680809021,양방향 커뮤니케이션의 정확한 의미는 금융 거래의 맥락에서 결정되어야 합니다.,의사소통의 정확한 의미는 금융 거래의 맥락에서 증명되어야 합니다.,0.8492980003356934,0.7842847108840942,-0.06501328945159912,40
tha_Thai,KO-FIN-00483,국민주와 관련해 투자 전에 확인해야 할 사항이 있나요?,มีอะไรเกี่ยวกับผู้ถือหุ้นที่ต้องตรวจสอบก่อนที่จะลงทุน?,0.6408834457397461,มีข้อใดบ้างที่ควรตรวจสอบก่อนที่จะลงทุนใน สภาผู้แทนราษฎร?,0.5691012740135193,-0.0717821717262268,투자하기 전에 확인해야 할 주주들에 대한 것이 있나요?,국회의원에 투자하기 전에 확인해야 할 사항이 있나요?,0.8963247537612915,0.8750811815261841,-0.021243572235107422,40
tgl_Latn,KO-FIN-02105,신주인수권증권이 무엇인지 설명해 주세요.,Ipaliwanag sa akin kung ano ang isang bagong pasaporte.,0.5223532915115356,Ipaliwanag kung ano ang Bagong Patakaran sa Pagmamay-ari.,0.4507663547992706,-0.071586936712265,새로운 여권이란 무엇인가 설명해 주세요.,신소득 원칙이 무엇인지를 설명하세요.,0.7969212532043457,0.6549990177154541,-0.1419222354888916,40
mya_Mymr,KO-FIN-02334,예탁자 처리 절차를 확인하고 싶습니다.,အပ်နှင်းရေး လုပ်ငန်းစဉ်ကို စစ်ဆေးချင်တယ်။,0.5907694697380066,စောင့်ရှောက်သူ။ ကို စစ်ဆေးချင်ပါတယ်။,0.5207147598266602,-0.0700547099113464,저는 인도 절차를 확인하고 싶었습니다.,보호자: 검사하고 싶습니다.,0.7998272180557251,0.4225514531135559,-0.3772757649421692,40
tgl_Latn,KO-FIN-00978,당일결제거래와 관련된 시장 정보를 확인하고 싶습니다.,Gusto kong suriin ang impormasyon ng merkado na nauugnay sa mga kalakalan sa araw-araw.,0.5815944671630859,Gusto kong suriin ang impormasyon ng merkado na nauugnay sa Pag-aayos ng araw..,0.5119302868843079,-0.069664180278778,저는 매일매일 거래와 관련된 시장 정보를 조사하고 싶습니다.,태양조직과 관련된 시장 정보를 확인하고 싶습니다.,0.8875075578689575,0.7909408807754517,-0.09656667709350586,40
mya_Mymr,KO-FIN-01361,발기인이 무엇인지 설명해 주세요.,Valkyrie ဆိုတာ ဘာလဲဆိုတာ ရှင်းပြပေးပါဦး။,0.5985511541366577,ရောင်ရမ်းမှု။ ဆိုတာ ဘာလဲဆိုတာ ရှင်းပြပေးပါဦး။,0.5290654301643372,-0.0694857239723205,발키리아가 무엇인지 설명해 주세요.,염증이란 무엇인가요?,0.7871736288070679,0.44395172595977783,-0.34322190284729004,40
tgl_Latn,KO-FIN-03451,차감결제 과정에서 문제가 발생한 것 같습니다.,Mukhang may problema sa pag-aayos.,0.4892548620700836,Mukhang may problema sa Pag-aayos ng malamig..,0.4215653836727142,-0.0676894783973693,정비에 문제가 있는 것 같습니다.,냉장고에 문제가 있는 것 같네요,0.6873413324356079,0.5489989519119263,-0.13834238052368164,40
tgl_Latn,KO-FIN-03428,질권설정자의 적용 여부는 계약 내용과 관련 법령을 확인해야 합니다.,Dapat mong suriin ang nilalaman ng kontrata at ang mga regulasyon na nauugnay upang malaman kung ang mga tagabuo ng kalidad ay naaangkop.,0.5649518966674805,Dapat mong suriin ang nilalaman ng Mga tagabuo ng kalidad at ang mga kaugnay na batas.,0.4984173476696014,-0.066534548997879,계약 내용과 관련 규정을 검토하여 품질 제조업체가 적합한지 확인해야 합니다.,당신은 품질 제조업체의 내용과 관련 법률을 검토해야 합니다.,0.7619928121566772,0.6765934228897095,-0.08539938926696777,40
tgl_Latn,KO-FIN-01361,발기인이 무엇인지 설명해 주세요.,Ipaliwanag sa akin kung ano ang balgin.,0.4972968697547912,Ipaliwanag kung ano ang Ang pagtataas..,0.4321857392787933,-0.0651111304759979,무슨 소용인지 설명해 주세요.,승리가 무엇인지 설명해줘요,0.8368702530860901,0.6758974194526672,-0.16097283363342285,40
tgl_Latn,KO-FIN-01448,법정대위의 적용 여부는 계약 내용과 관련 법령을 확인해야 합니다.,Dapat mong suriin kung ang mga kontrata ay may kinalaman o hindi at kung ano ang mga batas na may kinalaman.,0.5804653763771057,Dapat mong suriin ang nilalaman ng Mga Hukom at ang mga kaugnay na batas.,0.5155651569366455,-0.0649002194404602,계약이 관련 있는지 아닌지 그리고 관련 법이 무엇인지 확인해야 합니다.,판사들의 내용과 관련 법들을 살펴봐야 합니다.,0.8231664896011353,0.6599544882774353,-0.16321200132369995,40
tha_Thai,KO-FIN-03245,증거금이 무엇인지 쉽게 설명해 주세요.,ช่วยอธิบายง่ายๆว่า ค่าหลักฐานคืออะไร,0.6534141302108765,โปรดอธิบายด้วยคำง่ายๆ ว่า เงินฝาก คืออะไร,0.5914406776428223,-0.0619734525680542,증거가치에 대해 간단하게 설명해 주세요.,간단하게 보증금이란 무엇인가 설명해 주시겠습니까?,0.8507715463638306,0.7759436964988708,-0.07482784986495972,20
tha_Thai,KO-FIN-04866,paper-based credit transfers은 어디에서 확인할 수 있나요?,ผมสามารถตรวจสอบการโอนเงินเครดิตแบบกระดาษได้ที่ไหน?,0.8485509157180786,ฉันสามารถหา การโอนหน่วยกิตแบบกระดาษ ได้ที่ไหน?,0.787219226360321,-0.0613316893577575,종이결제 환불은 어디서 확인할 수 있나요?,종이용 키트 전송은 어디서 찾을 수 있나요?,0.8256809711456299,0.734404444694519,-0.09127652645111084,50
mya_Mymr,KO-FIN-03489,창고증권이 무엇인지 설명해 주세요.,လက်မှတ်ဆိုတာ ဘာလဲဆိုတာ ရှင်းပြပေးပါဦး။,0.6622160077095032,သိုလှောင်ရေး လက်မှတ်။ ဆိုတာ ဘာလဲဆိုတာ ရှင်းပြပေးပါဦး။,0.6027014255523682,-0.059514582157135,서명이란 무엇인가 설명해 주세요.,물류 영수증은 무엇인가요?,0.7261528372764587,0.6447877287864685,-0.08136510848999023,40
tha_Thai,KO-FIN-05185,VP이 무엇인지 설명해 주세요.,บอกผมหน่อยครับว่า VP คืออะไร,0.8774976134300232,กรุณาอธิบายว่า รองประธาน คืออะไร,0.8189355134963989,-0.0585620999336242,VP란 무엇인가요?,부회장이란 무엇인가요?,0.8067325353622437,0.4911143183708191,-0.31561821699142456,40
vie_Latn,KO-FIN-02071,시장포트폴리오와 관련된 투자 정보를 확인하고 싶습니다.,Tôi muốn kiểm tra thông tin đầu tư liên quan đến danh mục đầu tư thị trường.,0.6634702682495117,Tôi muốn xem thông tin đầu tư liên quan đến Danh mục đầu tư thị trường.,0.6049513816833496,-0.0585188865661621,시장 포트폴리오에 대한 투자 정보를 확인하고 싶습니다.,시장 투자 목록에 관련된 투자 정보를 보고 싶습니다.,0.9654278755187988,0.9114962220191956,-0.05393165349960327,40
ind_Latn,KO-FIN-03786,통정매매와 관련된 시장 정보를 확인하고 싶습니다.,Saya ingin melihat informasi pasar yang terkait dengan perdagangan valuta asing.,0.6399766802787781,Saya ingin memeriksa informasi pasar terkait Transaksi yang disepakati sebelumnya.,0.5846154093742371,-0.055361270904541,외환 거래와 관련된 시장 정보를 보고 싶습니다.,전 합의된 거래에 대한 시장 정보를 확인하고 싶습니다.,0.8698997497558594,0.8271952867507935,-0.04270446300506592,40
vie_Latn,KO-FIN-01175,만기보유전략과 관련된 투자 정보를 확인하고 싶습니다.,Tôi muốn kiểm tra thông tin đầu tư liên quan đến chiến lược bảo tồn lâu dài.,0.6433085203170776,Tôi muốn xem thông tin đầu tư liên quan đến Chiến lược nắm giữ đến ngày đáo hạn.,0.5880922675132751,-0.0552162528038024,저는 장기적인 보존 전략에 대한 투자 정보를 확인하고 싶습니다.,이 전략에 대한 투자 정보를 보고 싶습니다.,0.8920372724533081,0.8003602027893066,-0.09167706966400146,20
ind_Latn,KO-FIN-02725,인도형 repo이 무엇을 의미하나요?,Apa yang dimaksud dengan repo India?,0.7991749048233032,Apa arti Repo model India?,0.745761513710022,-0.0534133911132812,인도 리포란 무엇인가요?,인도 모델의 리포는 무엇일까요?,0.8350437879562378,0.7598616480827332,-0.07518213987350464,20
mya_Mymr,KO-FIN-03428,질권설정자의 적용 여부는 계약 내용과 관련 법령을 확인해야 합니다.,အရည်အသွေးသတ်မှတ်သူက စာချုပ်ရဲ့ အကြောင်းအရာနဲ့ သက်ဆိုင်တဲ့ ဥပဒေတွေကို စစ်ဆေးဖို့လိုတယ်။,0.5801608562469482,အရည်အသွေး ထိန်းချုပ်သူ။ ကို အသုံးပြုရန်အတွက် သဘောတူညီချက်။ ၏ အကြောင်းအရာနှင့် သက်ဆိုင်သော ဥပဒေများကို စစ်ဆေးရန် လိုအပ်ပါသည်။,0.5268860459327698,-0.0532748103141784,품질평가사는 계약 내용과 관련한 법률을 확인해야 합니다.,품질 컨트롤러의 사용 계약은 관련 법률의 내용을 확인해야 합니다.,0.7828477621078491,0.7559359669685364,-0.026911795139312744,70
tgl_Latn,KO-FIN-02590,유상증자와 관련된 정보를 확인하고 싶습니다.,Gusto kong suriin ang impormasyon tungkol sa mga sintomas.,0.5540542006492615,Gusto kong suriin ang impormasyon tungkol sa Mga saksi..,0.5012562870979309,-0.0527979135513305,증상에 대한 정보를 확인하고 싶습니다.,목격자에 대한 정보를 확인하고 싶습니다.,0.8041538596153259,0.7723835110664368,-0.03177034854888916,40
tha_Thai,KO-FIN-02223,액면발행과 관련된 비용과 절차를 확인하고 싶습니다.,ผมต้องการตรวจสอบค่าใช้จ่ายและขั้นตอนที่เกี่ยวข้องกับการออกเงิน,0.6169330477714539,ผมต้องการตรวจสอบค่าใช้จ่ายและขั้นตอนที่เกี่ยวข้องกับ ออกหุ้นตามราคาหน้า,0.5646815896034241,-0.0522514581680297,저는 지불과 관련된 비용과 절차를 확인하고 싶습니다.,앞으로의 가격에 주식을 발행하는 데 필요한 비용과 절차를 확인하고 싶습니다,0.8692231178283691,0.7964714765548706,-0.07275164127349854,50
ind_Latn,KO-FIN-02990,전업주의 처리 절차를 확인하고 싶습니다.,Saya ingin memeriksa prosedur pemrosesan perusahaan.,0.5984554290771484,Saya ingin mengetahui prosedur penanganan Prinsip Keprofesionalan.,0.5474168062210083,-0.0510386228561401,회사 처리 절차를 확인하고 싶습니다.,프로페셔널리티 원칙에 대한 절차를 알고 싶습니다.,0.8286985754966736,0.7261258363723755,-0.1025727391242981,40
mya_Mymr,KO-FIN-01278,무담보사채의 조건과 수익 구조를 확인하고 싶습니다.,ငွေကြေးဆိုင်ရာ စည်းမျဉ်းစည်းကမ်းတွေနဲ့ ဝင်ငွေ တည်ဆောက်ပုံတွေကို ကြည့်ချင်တယ်။,0.6117057204246521,စကားမပြောပါနဲ့။ ရဲ့ အခြေအနေနဲ့ ဝင်ငွေ တည်ဆောက်ပုံကို စစ်ဆေးချင်ပါတယ်။,0.5608334541320801,-0.050872266292572,저는 금융 규제와 소득 구조를 보고 싶었습니다.,"""말하지 말라""의 경우와 소득구조를 살펴보고 싶습니다.",0.7456650137901306,0.6873832941055298,-0.05828171968460083,40
mya_Mymr,KO-FIN-02437,우리사주조합이 무엇인지 설명해 주세요.,ရှယ်ယာရှင်အဖွဲ့အစည်းဆိုတာ ဘာလဲဆိုတာ ရှင်းပြပေးပါဦး။,0.5716978311538696,ကျွန်တော်တို့ရဲ့ အစုရှယ်ယာရှင် အဖွဲ့အစည်းပါ။ ဆိုတာ ဘာလဲဆိုတာ ရှင်းပြပေးပါဦး။,0.5222591161727905,-0.0494387149810791,주주조합이란 무엇인가 설명해 주세요.,우리 주식회사가 무엇인지 설명해 주세요.,0.9079214334487915,0.8631340265274048,-0.04478740692138672,20
vie_Latn,KO-FIN-04106,현선매매와 관련된 시장 정보를 확인하고 싶습니다.,Tôi muốn kiểm tra thông tin thị trường liên quan đến việc bán hàng trực tuyến.,0.5964651703834534,Tôi muốn xem thông tin thị trường liên quan đến Giao dịch theo giá thị trường.,0.55007404088974,-0.0463911294937133,온라인 판매와 관련된 시장 정보를 확인하고 싶습니다.,시장 가격에 거래하는 것과 관련된 시장 정보를 보고 싶습니다.,0.8985005021095276,0.8735729455947876,-0.02492755651473999,40
mya_Mymr,KO-FIN-02661,이익잉여금이 무엇을 의미하나요?,အကျိုးအမြတ်အပိုဆိုတာက ဘာကိုဆိုလိုတာလဲ။,0.895327091217041,အကျိုးအမြတ်တိုးမြှင့်မှု။ ဆိုတာ ဘာကိုဆိုလိုတာလဲ။,0.849126935005188,-0.046200156211853,초과이익은 어떤 의미일까요?,이윤 증대란 무엇일까요?,0.8306388854980469,0.7675085067749023,-0.06313037872314453,40
tgl_Latn,KO-FIN-00675,금융감독위원회/금융감독원 때문에 추가로 확인해야 할 사항이 있나요?,Mayroon bang karagdagang mga bagay na kailangan kong suriin dahil sa Kapamunuan ng Pangkalahatang Pananalapi/Kapamunuan ng Pangkalahatang Pangkalahatang Pananalapi?,0.5465901494026184,Mayroon bang karagdagang mga bagay na dapat kong suriin dahil sa Pangkalahatang Pananagutan ng Pangkalahatang Pananagutan / Pangkalahatang Pananagutan?,0.5008412003517151,-0.0457489490509033,금융감독부/금융감독부에서 추가적으로 검토해야 할 사항이 있나요?,제가 추가로 검토해야 할 사항이 있나요?,0.9525434970855713,0.7004975080490112,-0.25204598903656006,40
mya_Mymr,KO-FIN-00234,겸업주의에서 이용할 수 있는 금융업무는 무엇인가요?,ပူးပေါင်းဆောင်ရွက်မှုစနစ်မှာ သုံးနိုင်တဲ့ ဘဏ္ဍာရေး အလုပ်တွေက ဘာတွေလဲ။,0.645201563835144,အစုရှယ်ယာသမား မှာ သုံးနိုင်တဲ့ ဘဏ္ဍာရေးလုပ်ငန်းတွေက ဘာတွေလဲ။,0.60016268491745,-0.045038878917694,협업 시스템에서는 어떤 금융 업무를 할 수 있을까요?,주주들은 어떤 금융 서비스를 이용할 수 있을까요?,0.7975700497627258,0.7037978172302246,-0.09377223253250122,20
tgl_Latn,KO-FIN-00993,대권이 무엇인지 설명해 주세요.,Ipaliwanag kung ano ang karapatan.,0.5686279535293579,Ipaliwanag kung ano ang Ang kapangyarihan.,0.5267394781112671,-0.0418884754180908,권리란 무엇인가를 설명해 주세요.,힘이 무엇인지 설명해 주세요.,0.8732724785804749,0.7979108691215515,-0.07536160945892334,70
ind_Latn,KO-FIN-05123,tax call option과 관련된 납부 내역을 확인하고 싶습니다.,Saya ingin memeriksa informasi pembayaran yang terkait dengan opsi panggilan pajak.,0.8244367837905884,Saya ingin memeriksa riwayat pembayaran yang terkait dengan opsi beli pajak.,0.7834508419036865,-0.0409859418869018,세금 호출 옵션과 관련된 결제 정보를 확인하고 싶습니다.,세금 구매 옵션과 관련된 지불 기록을 확인하고 싶습니다.,0.9323617219924927,0.8944966793060303,-0.0378650426864624,40
mya_Mymr,KO-FIN-02105,신주인수권증권이 무엇인지 설명해 주세요.,လိုင်စင်သစ်ဆိုတာ ဘာလဲဆိုတာ ရှင်းပြပေးပါဦး။,0.6204589009284973,အိမ်ရှင်လိုင်စင် လက်မှတ် ဆိုတာ ဘာလဲဆိုတာ ရှင်းပြပေးပါဦး။,0.5797708034515381,-0.0406880974769592,새로운 면허가 무엇인지 설명해 주세요.,숙주인증서란 무엇인가요?,0.7610622644424438,0.6710392236709595,-0.09002304077148438,20
vie_Latn,KO-FIN-03925,포뮬러 플랜이 무엇인지 설명해 주세요.,Hãy giải thích kế hoạch công thức là gì.,0.6698790788650513,Vui lòng giải thích Kế hoạch Công thức là gì.,0.6295183897018433,-0.040360689163208,요법 계획에 대해 설명해 주세요.,공식을 설명해 주세요.,0.706684947013855,0.6186547875404358,-0.08803015947341919,40
vie_Latn,KO-FIN-01969,순차변·순대변잔고포지션이 무엇인지 설명해 주세요.,Bạn có thể giải thích cho tôi điều gì là vị trí của một vị trí đơn giản.,0.4024492800235748,Vui lòng giải thích Vị thế số dư bên mua và bên bán là gì.,0.3633968532085418,-0.0390524268150329,간단한 위치의 위치를 설명해 주시겠습니까?,구매자와 판매자의 균형이 무엇인지 설명해 주세요.,0.5808560848236084,0.48053592443466187,-0.10032016038894653,40
tha_Thai,KO-FIN-00234,겸업주의에서 이용할 수 있는 금융업무는 무엇인가요?,มีอาชีพทางการเงินอะไรบ้าง ที่สามารถใช้ได้ในระบบบริหารส่วน?,0.5148834586143494,ความขัดแย้งทางผลประโยชน์ มีบริการทางการเงินใดบ้าง?,0.4782235026359558,-0.0366599559783935,어떤 금융 직업이 사내 경영에 적용될 수 있을까요?,이해관계의 충돌은 어떤 금융 서비스를 제공합니까?,0.7601604461669922,0.6818321943283081,-0.07832825183868408,40
vie_Latn,KO-FIN-05123,tax call option과 관련된 납부 내역을 확인하고 싶습니다.,Tôi muốn kiểm tra nội dung thanh toán liên quan đến tùy chọn gọi thuế.,0.7907906770706177,Tôi muốn kiểm tra lịch sử thanh toán liên quan đến quyền chọn mua thuế.,0.7552786469459534,-0.0355120301246643,세금 호출 옵션에 대한 결제 내용을 확인하고 싶습니다.,세금 옵션에 대한 지불 기록을 확인하고 싶습니다.,0.9163252711296082,0.8913178443908691,-0.025007426738739014,40
tgl_Latn,KO-FIN-03298,증권선물위원회 처리 절차를 확인하고 싶습니다.,Gusto kong suriin ang proseso ng SEC.,0.5273386836051941,Gusto kong suriin ang proseso ng pagproseso.,0.4923742711544037,-0.0349644124507904,저는 SEC의 절차를 검토하고 싶습니다.,저는 처리 과정을 살펴보고 싶습니다.,0.7885011434555054,0.749111533164978,-0.039389610290527344,40
tha_Thai,KO-FIN-00867,내부유보와 관련해 투자 전에 확인해야 할 사항이 있나요?,มีอะไรบ้างที่ต้องตรวจสอบก่อนที่จะลงทุนเกี่ยวกับการลงทุนภายใน?,0.5981721878051758,มีข้อใดบ้างที่ฉันควรตรวจสอบก่อนที่จะลงทุนใน กำไรที่เก็บไว้?,0.5640585422515869,-0.0341136455535888,투자하기 전에 내부 투자에 대해 확인해야 할 것이 있나요?,저축 수익에 투자하기 전에 제가 확인해야 할 사항이 있나요?,0.9609540104866028,0.8675012588500977,-0.09345275163650513,40
mya_Mymr,KO-FIN-03406,직접점유 처리 절차를 확인하고 싶습니다.,ကျွန်တော်တို့ရဲ့ တိုက်ရိုက် ပိုင်ဆိုင်မှု လုပ်ငန်းစဉ်ကို စစ်ဆေးချင်ပါတယ်။,0.5648117065429688,တိုက်ရိုက် ပိုင်ဆိုင်မှု။ ကို စစ်ဆေးချင်ပါတယ်။,0.5308166146278381,-0.0339950919151306,우리는 직접 소유의 과정을 시험해보고 싶었습니다.,직접적인 소유권입니다.,0.6676170825958252,0.31211310625076294,-0.35550397634506226,20
tgl_Latn,KO-FIN-01175,만기보유전략과 관련된 투자 정보를 확인하고 싶습니다.,Nais kong suriin ang impormasyon ng pamumuhunan na nauugnay sa mga diskarte sa pag-iingat ng buhay.,0.5344693660736084,Gusto kong suriin ang impormasyon ng pamumuhunan na nauugnay sa Mga Taktika ng Pag-aalala.,0.5018844604492188,-0.0325849056243896,저는 생명보호 전략과 관련된 투자 정보를 검토하고 싶습니다.,저는 불안전술과 관련된 투자 정보를 검토하고 싶습니다.,0.8647388815879822,0.8201776742935181,-0.04456120729446411,20
mya_Mymr,KO-FIN-03451,차감결제 과정에서 문제가 발생한 것 같습니다.,အေးဆေးတဲ့ ဖြေရှင်းမှုမှာ ပြဿနာတစ်ခု ရှိပုံရတယ်။,0.5527826547622681,အေးဆေးတဲ့ ဖြေရှင်းနည်း လုပ်နေတုန်းမှာ ပြဿနာတစ်ခု ဖြစ်နေပုံရတယ်။,0.5207355618476868,-0.0320470929145813,차분한 해결책에 문제가 있는 것 같습니다.,이 문제를 해결하기 위해 온화한 해결책을 고안하는 동안 문제가 생겼습니다.,0.6589533090591431,0.41437262296676636,-0.2445806860923767,40
mya_Mymr,KO-FIN-05185,VP이 무엇인지 설명해 주세요.,VP ဆိုတာ ဘာလဲဆိုတာ ရှင်းပြပေးပါဦး။,0.8951274156570435,ဒုဥက္ကဋ္ဌ ဆိုတာ ဘာလဲဆိုတာ ရှင်းပြပေးပါဦး။,0.8632948994636536,-0.0318325161933898,VP가 무엇인지 설명해 주세요.,부회장이란 무엇인가요?,0.9987779855728149,0.4911143183708191,-0.5076636672019958,40
tgl_Latn,KO-FIN-00389,공사채등록법이 무엇인지 설명해 주세요.,Ipaliwanag sa akin kung ano ang pagrehistro ng utang sa publiko.,0.4760170578956604,Ipaliwanag kung ano ang Ang Batas sa Pagrehistro ng Debate.,0.4453275799751282,-0.0306894779205322,공채를 등록하는 것이 무엇인지 설명해 주세요.,토론 등록법이란 무엇인가요?,0.8555091023445129,0.6045445203781128,-0.25096458196640015,20
mya_Mymr,KO-FIN-05123,tax call option과 관련된 납부 내역을 확인하고 싶습니다.,tax call option နဲ့ ပတ်သက်တဲ့ ငွေပေးချေမှု အချက်အလက်တွေကို စစ်ဆေးချင်ပါတယ်။,0.8706318140029907,အခွန်ခေါ်ဆိုမှု ရွေးချယ်မှု နဲ့ ဆက်စပ်နေတဲ့ ငွေပေးချေမှု အကြောင်းကို စစ်ဆေးချင်ပါတယ်။,0.8406544923782349,-0.0299773216247558,저는 세금 호출 옵션에 대한 거래 정보를 확인하고 싶습니다.,우리는 세금 징수와 관련된 어떤 거래가 있는지 살펴보고 싶었습니다.,0.8706546425819397,0.7350262999534607,-0.135628342628479,40
vie_Latn,KO-FIN-00258,경쟁매매와 관련된 시장 정보를 확인하고 싶습니다.,Tôi muốn kiểm tra thông tin thị trường liên quan đến việc bán hàng cạnh tranh.,0.7496932744979858,Tôi muốn xem thông tin thị trường liên quan đến Giao dịch cạnh tranh.,0.7199040651321411,-0.0297892093658447,경쟁 판매와 관련된 시장 정보를 확인하고 싶습니다.,저는 경쟁 거래와 관련된 시장 정보를 보고 싶습니다.,0.9889727234840393,0.9555966258049011,-0.033376097679138184,20
tha_Thai,KO-FIN-02540,유동화 중개기관은 심사 결과에 따라 이용 가능 여부가 달라질 수 있습니다.,การใช้บริการของโบรกเกอร์ทรัพย์เหลวอาจแตกต่างกันขึ้นอยู่กับผลการตรวจสอบ,0.4877577126026153,การมี ผู้กลางในการแปลงสินทรัพย์เป็นหลักทรัพย์ อาจแตกต่างกันไปขึ้นอยู่กับผลการประเมิน,0.4598605334758758,-0.0278971791267395,유동성 중개인의 사용은 검사 결과에 따라 달라질 수 있습니다.,자산을 증권으로 전환하는 중개인의 존재는 평가 결과에 따라 달라질 수 있습니다.,0.8509014844894409,0.7140904664993286,-0.1368110179901123,40
tgl_Latn,KO-FIN-05275,대출 상환일을 지나면 어떤 불이익이 있나요?,Ano ang mga disbentaha kapag lumipas ang petsa ng pagbabayad ng utang?,0.6648457646369934,Ano ang mga disbentaha kapag tapos na ang loan Pagbabayad araw?,0.6385306119918823,-0.026315152645111,대출 기간이 지나면 어떤 단점이 있을까요?,대출 기간이 끝나면 어떤 단점이 있을까요?,0.8595818281173706,0.8295558094978333,-0.030026018619537354,70
ind_Latn,KO-FIN-00619,근저당을 이용할 때 필요한 서류는 무엇인가요?,Apa saja dokumen yang dibutuhkan untuk menggunakan fasilitas ini?,0.7455291152000427,Dokumen apa saja yang diperlukan untuk menggunakan Hak gadai atas tanah?,0.7193120718002319,-0.0262170433998107,이 시설을 이용하려면 어떤 서류가 필요할까요?,토지 할인권을 사용하려면 어떤 서류가 필요합니까?,0.8324596881866455,0.7774696350097656,-0.05499005317687988,50
mya_Mymr,KO-FIN-03466,차변이체 또는 추심시스템을 이용하려면 어떻게 해야 하나요?,ကားအပြောင်းအလဲ (သို့) အာရုံစိုက်မှုစနစ်ကို သုံးဖို့ ဘာလုပ်ရမလဲ။,0.5191972255706787,အပြောင်းအလဲ (သို့) အာရုံစိုက်မှုစနစ်ပါ။ ကို သုံးဖို့ ဘယ်လိုလုပ်ရမလဲ။,0.4940637946128845,-0.0251334309577941,차의 전환이나 주의력 제도를 이용하려면 어떻게 해야 할까요?,변화 또는 집중력 시스템입니다. 어떻게 이 시스템을 활용할 수 있을까요?,0.8276666402816772,0.690926194190979,-0.13674044609069824,20
tha_Thai,KO-FIN-03470,차익거래와 관련된 시장 정보를 확인하고 싶습니다.,ผมต้องการตรวจสอบข้อมูลตลาดเกี่ยวกับการซื้อขายหุ้น,0.6300344467163086,ผมต้องการตรวจสอบข้อมูลตลาดที่เกี่ยวข้องกับ การเก็งกำไรจากความแตกต่างของราคา,0.6054229140281677,-0.0246115326881408,저는 주식 거래에 대한 시장 정보를 확인하고 싶습니다.,저는 가격 차이에서 수익을 창출하는 것과 관련된 시장 데이터를 확인하고 싶습니다.,0.9284207820892334,0.8392620086669922,-0.08915877342224121,50
tgl_Latn,KO-FIN-03379,지정시점결제시스템 과정에서 문제가 발생한 것 같습니다.,Mukhang may problema sa sistema ng pag-decide sa isang lugar.,0.5019093155860901,Mukhang may problema sa Pinakamainam na sistema ng pagpapasya..,0.4781821668148041,-0.023727148771286,어느 곳의 의사결정 시스템에는 문제가 있는 것 같습니다.,최상위 의사결정 체계에 문제가 있는 것 같습니다,0.7597955465316772,0.6689841747283936,-0.09081137180328369,20
vie_Latn,KO-FIN-03786,통정매매와 관련된 시장 정보를 확인하고 싶습니다.,Tôi muốn kiểm tra thông tin thị trường liên quan đến giao dịch ngoại hối.,0.6730993986129761,Tôi muốn xem thông tin thị trường liên quan đến Giao dịch thông đồng.,0.6510165929794312,-0.0220828056335449,외환 거래와 관련된 시장 정보를 확인하고 싶습니다.,거래에 관련된 시장 정보를 보고 싶어요,0.8959949016571045,0.8402609825134277,-0.05573391914367676,40
mya_Mymr,KO-FIN-00483,국민주와 관련해 투자 전에 확인해야 할 사항이 있나요?,ရင်းနှီးမြှုပ်နှံမှု မလုပ်ခင် နိုင်ငံပိုင်ရှင်တွေနဲ့ ပတ်သက်ပြီး စစ်ဆေးဖို့လိုတာ တစ်ခုခုရှိလား။,0.6413500905036926,နိုင်ငံတော်သမ္မတ။ နဲ့ ပတ်သက်ပြီး ရင်းနှီးမြှုပ်နှံမှု မလုပ်ခင် စစ်ဆေးသင့်တဲ့ အချက်တွေရှိလား။,0.6200920343399048,-0.0212580561637878,투자하기 전에 주식회사에 대해 확인해야 하는 것이 있나요?,A: 투자하기 전에 점검해야 할 사항이 있나요?,0.8604151010513306,0.8011797666549683,-0.059235334396362305,40
vie_Latn,KO-FIN-02334,예탁자 처리 절차를 확인하고 싶습니다.,Tôi muốn kiểm tra quy trình xử lý khách hàng.,0.5626692175865173,Tôi muốn tìm hiểu về quy trình xử lý Chủ tài khoản ký quỹ.,0.5417687892913818,-0.0209004282951354,고객 처리 절차를 살펴보고 싶습니다.,은행 계좌 소유자를 처리하는 절차에 대해 알아보고 싶습니다.,0.8166245222091675,0.7159682512283325,-0.10065627098083496,40
tha_Thai,KO-FIN-02702,이표채의 조건과 수익 구조를 확인하고 싶습니다.,ผมต้องการตรวจสอบเงื่อนไขและโครงสร้างรายได้ของใบนี้,0.5980071425437927,ผมต้องการตรวจสอบเงื่อนไขและโครงสร้างรายได้ของ ลี พโย-เช,0.5777022838592529,-0.0203048586845397,저는 이 카드의 조건과 수입 구조를 확인하고 싶습니다.,리 피오쉐의 조건과 수입 구조를 확인하고 싶습니다.,0.8619697093963623,0.8241734504699707,-0.0377962589263916,40
