sentence_id,lang,ko_source,comet_diff,labse_diff,pipeline_score,pipeline_labse_sim,nllb_baseline_mt,target_term,candidate,provider,sense_id,n_senses,nllb_consistency_labse,repaired_mt,repaired_comet_score,repaired_labse_sim,comet_up,labse_up,verdict,reason
KO-FIN-00305,tgl_Latn,고객예탁증권이 무엇인지 설명해 주세요.,-0.3803782761096954,-0.2713208198547363,0.4767281711101532,0.6676274538040161,Ipaliwanag mo kung ano ang customer deposit certificate.,고객예탁증권,seguridad na ini-deposito ng kustomer,groq,402,1,0.5093653798103333,Ipaliwanag mo kung ano ang seguridad na ini-deposito ng kustomer.,0.5043343901634216,0.7976171374320984,True,True,approved,
KO-FIN-01278,tgl_Latn,무담보사채의 조건과 수익 구조를 확인하고 싶습니다.,-0.3664464652538299,-0.0623646974563598,0.4971175491809845,0.8833640813827515,Gusto kong suriin ang mga kondisyon at istraktura ng kita ng mga utang na walang garantiya.,무담보사채,bonong walang kolateral,gemini,622,1,0.2781318426132202,Gusto kong suriin ang mga kondisyon at istraktura ng kita ng bonong walang kolateral.,0.570021390914917,0.9009467363357544,True,True,approved,
KO-FIN-03262,mya_Mymr,증권거래세와 관련된 시장 정보를 확인하고 싶습니다.,-0.3214707970619201,-0.2200991511344909,0.5472230911254883,0.6990835070610046,စတော့အခွန်နဲ့ ပတ်သက်တဲ့ စျေးကွက် အချက်အလက်တွေကို ကြည့်ချင်တယ်။,증권거래세,အာမခံလက်မှတ် အရောင်းအဝယ် အခွန်,gemini,694,1,0.3728142976760864,အာမခံလက်မှတ် အရောင်းအဝယ် အခွန် နဲ့ ပတ်သက်တဲ့ စျေးကွက် အချက်အလက်တွေကို စစ်ဆေးချင်ပါတယ်။,0.7198543548583984,0.8918974995613098,True,True,approved,
KO-FIN-00185,tgl_Latn,결제리스크 관리제도가 무엇인지 설명해 주세요.,-0.3052084147930145,-0.1307905912399292,0.454733282327652,0.7182620763778687,Ipaliwanag mo kung ano ang isang sistema ng pamamahala ng panganib sa pagbabayad.,결제리스크 관리제도,Sistema ng Pamamahala sa Risko ng Settlement,gemini,139,1,0.5947847962379456,Ipaliwanag kung ano ang Sistema ng Pamamahala sa Risko ng Settlement.,0.6720484495162964,0.7001543641090393,True,False,abstain,labse_up=False
KO-FIN-00609,tgl_Latn,규정재정이 금융거래에 어떻게 적용되나요?,-0.3035064935684204,-0.2347025275230407,0.5166495442390442,0.6618755459785461,Paano ang mga regulasyon ay naaangkop sa pangangalakal sa pananalapi?,규정재정,arbitrasyong regulasyon,groq,788,1,0.3597561717033386,Paano ito nalalapat sa pananalapi?,0.5166495442390442,,False,False,abstain,comet_up=False (LaBSE 생략)
KO-FIN-02865,tgl_Latn,자본잉여금이 무엇인지 설명해 주세요.,-0.2942006587982178,-0.0290937423706054,0.5665743350982666,0.8895301818847656,Ipaliwanag sa akin kung ano ang kapital surplus.,자본잉여금,sobrang kapital,groq,682,1,0.4131399989128113,Ipaliwanag mo kung ano ang sobrang kapital.,0.5428258776664734,,False,False,abstain,comet_up=False (LaBSE 생략)
KO-FIN-00978,mya_Mymr,당일결제거래와 관련된 시장 정보를 확인하고 싶습니다.,-0.2805461883544922,-0.1137799024581909,0.5448920726776123,0.7068814039230347,တစ်နေ့တာ ငွေပေးချေမှုတွေနဲ့ ပတ်သက်တဲ့ စျေးကွက် သတင်းအချက်အလက်တွေကို ကြည့်ချင်တယ်။,당일결제거래,ထိုနေ့ စာရင်းရှင်းလင်းသည့် အရောင်းအဝယ်,gemini,439,1,0.4126628637313843,ထိုနေ့ စာရင်းရှင်းလင်းသည့် အရောင်းအဝယ် နဲ့ ပတ်သက်တဲ့ စျေးကွက် အချက်အလက်တွေကို စစ်ဆေးချင်ပါတယ်။,0.5884085893630981,0.8705896139144897,True,True,approved,
KO-FIN-03777,tgl_Latn,통일규격유가증권이 무엇인지 설명해 주세요.,-0.2680788338184356,-0.0773454904556274,0.4651995003223419,0.6475239992141724,Ipaliwanag sa akin kung ano ang Uniform Tax Credit.,통일규격유가증권,standardisadong sertipiko ng stock,groq,284,1,0.30969396233558655,Ipaliwanag mo kung ano ang standardisadong sertipiko ng stock.,0.5996847152709961,0.7550350427627563,True,True,approved,
KO-FIN-03273,tgl_Latn,증권금융이 무엇인지 설명해 주세요.,-0.2642889022827148,-0.0493904948234558,0.568755030632019,0.7456528544425964,Ipaliwanag kung ano ang securities financing.,증권금융,pananalapi ng mga securities,groq,1007,1,0.5725522041320801,Ipaliwanag mo kung ano ang pananalapi ng mga securities.,0.6076833009719849,0.7918100953102112,True,True,approved,
KO-FIN-01881,tgl_Latn,소수주주권이 무엇인지 설명해 주세요.,-0.2592798471450805,-0.2139284610748291,0.5712401866912842,0.7169281244277954,Ipaliwanag kung ano ang minority ownership.,소수주주권,karapatan ng minoryang shareholder,gemini,649,1,0.515750527381897,Ipaliwanag mo kung ano ang karapatan ng minoryang shareholder.,0.6714783310890198,0.8266746401786804,True,True,approved,
KO-FIN-03798,tgl_Latn,통합계좌 처리 절차를 확인하고 싶습니다.,-0.2529827356338501,-0.153726577758789,0.490405261516571,0.748630166053772,Gusto kong suriin ang proseso ng pagproseso ng pinagsamang account.,통합계좌,Pinagsamang kuwenta,gemini,1043,1,0.1933916211128235,Gusto kong suriin ang proseso ng pagproseso.,0.4904051721096039,,False,False,abstain,comet_up=False (LaBSE 생략)
KO-FIN-03245,mya_Mymr,증거금이 무엇인지 쉽게 설명해 주세요.,-0.246690034866333,-0.1070405840873718,0.6255000829696655,0.7010425329208374,သက်သေခံငွေဆိုတာ ဘာလဲဆိုတာ ရှင်းပြပေးပါဦး။,증거금,အာမခံငွေ,groq,1182,1,0.33123159408569336,အာမခံငွေ ဆိုတာ ဘာလဲဆိုတာ ရှင်းပြပေးပါ။,0.7978171706199646,0.7444693446159363,True,True,approved,
KO-FIN-02042,tgl_Latn,시간외 종가매매와 관련된 시장 정보를 확인하고 싶습니다.,-0.2431707978248596,-0.0203711986541748,0.5573071241378784,0.8275967836380005,Gusto kong suriin ang impormasyon ng merkado na may kinalaman sa mga out-of-hours na kalakalan.,시간외 종가매매,kalakalan ng presyo ng pagsasara pagkatapos ng oras,groq,252,1,0.479461669921875,Gusto kong suriin ang impormasyon ng merkado na nauugnay sa kalakalan ng presyo ng pagsasara pagkatapos ng oras.,0.5874345302581787,0.8611311316490173,True,True,approved,
KO-FIN-03955,mya_Mymr,풀서비스 브로커와 관련해 투자 전에 확인해야 할 사항이 있나요?,-0.2360046505928039,-0.2118144035339355,0.6339663863182068,0.7701410055160522,ရင်းနှီးမြှုပ်နှံမှု မလုပ်ခင်မှာ Full-Service Broker တွေနဲ့ ပတ်သက်ပြီး စစ်ဆေးသင့်တဲ့ အချက်တွေရှိလား။,풀서비스 브로커,ဝန်ဆောင်မှုအပြည့်အဝပေးသော ပွဲစား,gemini,288,1,0.4499017298221588,ဝန်ဆောင်မှုအပြည့်အဝပေးသော ပွဲစား နဲ့ပတ်သက်ပြီး ရင်းနှီးမြှုပ်နှံမှု မလုပ်ခင် သေချာဖို့ အချက်တွေရှိလား။,0.6471095085144043,0.8371157646179199,True,True,approved,
KO-FIN-03455,mya_Mymr,차금결제 과정에서 문제가 발생한 것 같습니다.,-0.2327509522438049,-0.111506164073944,0.5503589510917664,0.6134179830551147,ငွေပေးချေမှုမှာ ပြဿနာတစ်ခု ရှိပုံရတယ်။,차금결제,ငွေဖြေရှင်းမှု,groq,1022,1,0.4243590533733368,ငွေဖြေရှင်းမှု လုပ်နေတုန်း ပြဿနာတစ်ခု ဖြစ်နေပုံရတယ်။,0.6679985523223877,0.9272183775901794,True,True,approved,
KO-FIN-02990,mya_Mymr,전업주의 처리 절차를 확인하고 싶습니다.,-0.2203949689865112,-0.1196869611740112,0.5165525674819946,0.5887351036071777,လုပ်ငန်းရှင်ရဲ့ စီမံခန့်ခွဲမှု လုပ်ငန်းစဉ်ကို စစ်ဆေးချင်ပါတယ်။,전업주의,အထူးပြုဘဏ်လုပ်ငန်းစနစ်,groq,984,1,0.2332431524991989,အထူးပြုဘဏ်လုပ်ငန်းစနစ် ကို စစ်ဆေးချင်ပါတယ်။,0.5466766953468323,0.5818096399307251,True,False,abstain,labse_up=False
KO-FIN-02719,mya_Mymr,인덱스펀드에 가입하기 전에 어떤 점을 확인해야 하나요?,-0.2076560258865356,-0.245697796344757,0.6135023236274719,0.7275951504707336,Index Fund မှာ မပါဝင်ခင် ဘယ်အချက်တွေကို စစ်ဆေးသင့်လဲ။,인덱스펀드,အညွှန်းရင်းနှီးမြှုပ်နှံမှု,groq,676,1,0.3303290605545044,အညွှန်းရင်းနှီးမြှုပ်နှံမှု ကို မဝင်ခင် ဘယ်အချက်တွေကို စစ်ဆေးသင့်လဲ။,0.7282737493515015,0.8427014946937561,True,True,approved,
KO-FIN-02309,tgl_Latn,영시조항이 무엇을 의미하나요?,-0.192896157503128,-0.0686056613922119,0.4801542460918426,0.654633641242981,Ano ang ibig sabihin ng British Charter?,영시조항,panuntunan ng zero hour,groq,928,1,0.37197721004486084,Ano ang ibig sabihin ng panuntunan ng zero hour?,0.5168225169181824,0.7251715064048767,True,True,approved,
KO-FIN-00085,tgl_Latn,강세장이 무엇을 의미하나요?,-0.1904383599758148,-0.1775741577148437,0.4519276320934295,0.5847365856170654,Ano ang ibig sabihin ng Stronghold?,강세장,pamilihang pataas,groq,1103,1,0.16259942948818207,Ano ang ibig sabihin ng pamilihang pataas?,0.4742238223552704,0.6325660943984985,True,True,approved,
KO-FIN-02801,tgl_Latn,일중대월이 무엇인지 설명해 주세요.,-0.1863660514354705,-0.1060789227485656,0.460673838853836,0.6937406659126282,Ipaliwanag sa akin kung ano ang lunar month.,일중대월,kredito sa loob ng araw,groq,970,1,0.32191842794418335,Ipaliwanag mo kung ano ang kredito sa loob ng araw.,0.41834333539009094,,False,False,abstain,comet_up=False (LaBSE 생략)
KO-FIN-01490,mya_Mymr,보증사채의 조건과 수익 구조를 확인하고 싶습니다.,-0.1855673789978027,-0.0845733880996704,0.6426352262496948,0.7955540418624878,အာမခံစာချုပ်ရဲ့ စည်းကမ်းချက်တွေနဲ့ ဝင်ငွေ တည်ဆောက်ပုံကို စစ်ဆေးချင်တယ်။,보증사채,အာမခံဘဏ္ဍာကြေး,groq,862,1,0.3050239086151123,အာမခံဘဏ္ဍာကြေး ရဲ့ အခြေအနေနဲ့ ဝင်ငွေ တည်ဆောက်ပုံကို စစ်ဆေးချင်ပါတယ်။,0.7336336970329285,0.8818450570106506,True,True,approved,
KO-FIN-00619,mya_Mymr,근저당을 이용할 때 필요한 서류는 무엇인가요?,-0.1850819587707519,-0.14476078748703,0.5512850880622864,0.640703022480011,အခြေခံအဆောက်အအုံကို သုံးဖို့ လိုအပ်တဲ့ စာရွက်စာတမ်းတွေက ဘာတွေလဲ။,근저당,အလွှာအခွင့်အရေး,groq,1115,1,0.09684517979621887,အလွှာအခွင့်အရေး ကို အသုံးပြုဖို့ လိုအပ်တဲ့ စာရွက်စာတမ်းတွေက ဘာတွေလဲ။,0.6983139514923096,0.8241162300109863,True,True,approved,
KO-FIN-01569,tgl_Latn,부실채권정리기금채권이 무엇인지 설명해 주세요.,-0.1835070550441742,-0.1487076878547668,0.4872148334980011,0.7570627331733704,Ipaliwanag sa akin kung ano ang mga utang ng insolvency fund.,부실채권정리기금채권,obligasyon ng pondo para sa pag-aayos ng hindi nababayarang pautang,groq,150,1,0.5532729625701904,Ipaliwanag mo kung ano ang obligasyon ng pondo para sa pag-aayos ng hindi nababayarang pautang.,0.480785071849823,,False,False,abstain,comet_up=False (LaBSE 생략)
KO-FIN-02199,mya_Mymr,쌍방연계방식과 관련된 내용을 확인하고 싶습니다.,-0.1734414100646972,-0.0218847393989563,0.6001058220863342,0.7093148231506348,နှစ်ဖက်ဆက်သွယ်မှုပုံစံနဲ့ ပတ်သက်တဲ့ အချက်အလက်တွေကို ကြည့်ချင်ပါတယ်။,쌍방연계방식,နှစ်ဖက်ဆက်သွယ်မှုနည်းလမ်း,groq,486,1,0.5726410150527954,နှစ်ဖက်ဆက်သွယ်မှုနည်းလမ်း နဲ့ ပတ်သက်တဲ့ အကြောင်းအရာတွေကို စစ်ဆေးချင်ပါတယ်။,0.7904797196388245,0.7161908745765686,True,True,approved,
KO-FIN-03037,mya_Mymr,정시상환이 무엇인지 설명해 주세요.,-0.1706293225288391,-0.2702418565750122,0.5144421458244324,0.4881508946418762,အချိန်နဲ့တပြေးညီ ပြောင်းလဲမှုဆိုတာ ဘာလဲဆိုတာ ရှင်းပြပေးပါဦး။,정시상환,အချိန်မီ ပြန်လည်ပေးချေမှု,groq,989,1,0.3144996166229248,အချိန်မီ ပြန်လည်ပေးချေမှု ဆိုတာ ဘာလဲဆိုတာ ရှင်းပြပေးပါဦး။,0.7088149785995483,0.7208186388015747,True,True,approved,
KO-FIN-04131,mya_Mymr,혼합주와 관련해 투자 전에 확인해야 할 사항이 있나요?,-0.1674028038978576,-0.039935827255249,0.5570427179336548,0.8038699626922607,ရင်းနှီးမြှုပ်နှံမှု မလုပ်ခင် မိတ်ဖက် ရှယ်ယာရှင်တွေနဲ့ ပတ်သက်ပြီး စစ်ဆေးဖို့လိုတာ တစ်ခုခုရှိလား။,혼합주,ပေါင်းစပ် အစုရှယ်ယာ,groq,1201,1,0.23281727731227875,ပေါင်းစပ် အစုရှယ်ယာ နဲ့ပတ်သက်ပြီး ရင်းနှီးမြှုပ်နှံမှု မလုပ်ခင် သေချာဖို့ အချက်တွေရှိလား။,0.7620260715484619,0.8516941070556641,True,True,approved,
KO-FIN-00193,mya_Mymr,결제순서조작이 무엇인지 설명해 주세요.,-0.1522170901298523,-0.3065415024757385,0.5331606268882751,0.5456610321998596,ငွေပေးချေမှု စနစ်က ဘာလဲဆိုတာ ရှင်းပြပေးပါ။,결제순서조작,ပေးချေမှု အစီအစဉ် ပြုပြင်ခြင်း,groq,396,1,0.5001965761184692,ပေးချေမှု အစီအစဉ် ပြုပြင်ခြင်း ဆိုတာ ဘာလဲဆိုတာ ရှင်းပြပေးပါဦး။,0.6515252590179443,0.7945890426635742,True,True,approved,
KO-FIN-00609,mya_Mymr,규정재정이 금융거래에 어떻게 적용되나요?,-0.1477627158164978,-0.112610638141632,0.6659654378890991,0.7985455989837646,စည်းမျဉ်းစည်းကမ်းတွေဟာ ငွေကြေး ကုန်သွယ်မှုမှာ ဘယ်လို အသုံးဝင်လဲ။,규정재정,စည်းမျဉ်းအခွင့်အလမ်း,groq,788,1,0.3259508013725281,ဒါကို ငွေကြေး ကုန်သွယ်မှုမှာ ဘယ်လို အသုံးချလဲ။,0.6659654974937439,0.7985454797744751,True,False,abstain,labse_up=False
KO-FIN-00863,tgl_Latn,내부수익률과 관련된 투자 정보를 확인하고 싶습니다.,-0.1416699290275573,-0.0776855945587158,0.5775668621063232,0.9002043008804321,Gusto kong suriin ang impormasyon sa pamumuhunan na may kinalaman sa internal rate of return.,내부수익률,panloob na rate ng kita,groq,604,1,0.6047362685203552,Gusto kong suriin ang impormasyon ng pamumuhunan na nauugnay sa panloob na rate ng kita.,0.6403616666793823,0.9162617325782776,True,True,approved,
KO-FIN-04027,tgl_Latn,할인발행과 관련된 비용과 절차를 확인하고 싶습니다.,-0.1368962526321411,-0.0635086894035339,0.6336804628372192,0.8690942525863647,Gusto kong suriin ang mga gastos at pamamaraan na nauugnay sa pagbubukas ng diskwento.,할인발행,pag‑isyu ng diskwento,groq,1062,1,0.3371163606643677,Gusto kong suriin ang mga gastos at pamamaraan na nauugnay sa pag‑isyu ng diskwento.,0.8705000877380371,0.9615317583084106,True,True,approved,
KO-FIN-03455,tgl_Latn,차금결제 과정에서 문제가 발생한 것 같습니다.,-0.1345481872558593,-0.0519694685935974,0.5800989866256714,0.7338082790374756,Parang may problema sa pagbabayad ng utang.,차금결제,bayad sa salapi,groq,1022,1,0.450547456741333,Mukhang may problema sa bayad sa salapi.,0.5759488344192505,,False,False,abstain,comet_up=False (LaBSE 생략)
KO-FIN-02702,tgl_Latn,이표채의 조건과 수익 구조를 확인하고 싶습니다.,-0.1288875341415405,-0.0390155315399169,0.5193527936935425,0.8607516288757324,Gusto kong malaman kung ano ang mga kondisyon ng utang na ito at ang istraktura ng kita.,이표채,bonong may kupon,groq,1169,1,0.14531338214874268,Gusto kong suriin ang mga kondisyon at istraktura ng kita ng bonong may kupon.,0.6101167798042297,0.9092814922332764,True,True,approved,
KO-FIN-02389,tgl_Latn,외국보관기관이 무엇인지 설명해 주세요.,-0.1266373395919799,-0.0440806150436401,0.5217732191085815,0.8444055318832397,Ipaliwanag sa akin kung ano ang Foreign Service.,외국보관기관,dayuhang institusyon ng kustodiya,groq,492,1,0.37641292810440063,Ipaliwanag mo kung ano ang dayuhang institusyon ng kustodiya.,0.5453633069992065,0.8807302117347717,True,True,approved,
KO-FIN-00275,mya_Mymr,계약형투자신탁에 가입하기 전에 어떤 점을 확인해야 하나요?,-0.125011920928955,-0.0944687128067016,0.5626775026321411,0.7936587333679199,ချုပ်ဆိုထားတဲ့ ရင်းနှီးမြှုပ်နှံမှုအဖွဲ့ကို မဝင်ခင် ဘယ်အချက်တွေကို စစ်ဆေးသင့်လဲ။,계약형투자신탁,စာချုပ်ပုံစံ ရင်းနှီးမြှုပ်နှံမှု အထောက်အထား,groq,308,1,0.4105882942676544,စာချုပ်ပုံစံ ရင်းနှီးမြှုပ်နှံမှု အထောက်အထား ကို မဝင်ခင် ဘယ်အချက်တွေကို စစ်ဆေးသင့်လဲ။,0.6342200040817261,0.9341950416564941,True,True,approved,
KO-FIN-03856,tgl_Latn,특별인출권과 관련된 거래에서는 국가별 규정과 통화를 함께 확인해야 합니다.,-0.1237586736679077,-0.0965205430984497,0.593017578125,0.8107587695121765,"Sa mga transaksyon na may kinalaman sa mga espesyal na karapatan, kailangan mong i-verify ang mga panuntunan ng bansa at ang pera.",특별인출권,Espesyal na Karapatan sa Pagkuha,groq,719,1,0.3694697618484497,"Sa mga transaksyon na nauugnay sa Espesyal na Karapatan sa Pagkuha, dapat mong suriin ang mga panuntunan ng bansa at pera.",0.6934390068054199,0.9657744765281677,True,True,approved,
KO-FIN-00939,mya_Mymr,단위형 투자신탁에 가입하기 전에 어떤 점을 확인해야 하나요?,-0.1229770183563232,-0.1083119511604309,0.7463399171829224,0.8162592053413391,Unitary Investment Trust မှာ မဝင်ခင် ဘယ်အချက်တွေကို စစ်ဆေးသင့်လဲ။,단위형 투자신탁,ယူနစ်ထရပ်,groq,243,1,0.2536405324935913,ယူနစ်ထရပ် ကို မဝင်ခင် ဘယ်အချက်တွေကို စစ်ဆေးသင့်လဲ။,0.6668359041213989,,False,False,abstain,comet_up=False (LaBSE 생략)
KO-FIN-04026,tgl_Latn,할인발행을 이용하려면 어떤 조건이 필요한가요?,-0.1175668239593505,-0.0340425968170166,0.7185676693916321,0.844165563583374,Ano ang mga kundisyon para magamit ang diskwento?,할인발행,pag‑isyu ng diskwento,groq,1062,1,0.5079677104949951,Ano ang mga kundisyon para magamit ang pag‑isyu ng diskwento?,0.750713050365448,0.9181880950927734,True,True,approved,
KO-FIN-02540,mya_Mymr,유동화 중개기관은 심사 결과에 따라 이용 가능 여부가 달라질 수 있습니다.,-0.1154695749282836,-0.0395980477333068,0.528186559677124,0.5285975337028503,liquidity brokerage တွေဟာ သုံးစွဲမှုအပေါ် မူတည်ပြီး ကွဲပြားနိုင်ပါတယ်။,유동화 중개기관,အထူးရည်ရွယ်ထားသောကုမ္ပဏီ,groq,260,1,0.1412046253681183,အထူးရည်ရွယ်ထားသောကုမ္ပဏီ က သုံးစွဲမှုအပေါ် မူတည်ပြီး ပြောင်းလဲနိုင်ပါတယ်။,0.5307032465934753,0.4783838391304016,True,False,abstain,labse_up=False
KO-FIN-00193,tgl_Latn,결제순서조작이 무엇인지 설명해 주세요.,-0.1145414113998413,-0.0533418655395507,0.446486234664917,0.7527161836624146,Ipaliwanag sa akin kung ano ang pag-aayos ng pagbabayad.,결제순서조작,manipulasyon ng pagkakasunod-sunod ng bayad,groq,396,1,0.5147172212600708,Ipaliwanag mo kung ano ang manipulasyon ng pagkakasunod-sunod ng bayad.,0.5067802667617798,0.9244237542152405,True,True,approved,
KO-FIN-02254,mya_Mymr,역금리와 관련된 거래 조건을 확인하고 싶습니다.,-0.1115452647209167,-0.4726502299308777,0.5428686738014221,0.2440863251686096,ငွေလဲလှယ်နှုန်းနဲ့ ပတ်သက်တဲ့ ငွေလဲလှယ်မှု အခြေအနေတွေကို စစ်ဆေးချင်ပါတယ်။,역금리,အနုတ်အတိုးနှုန်း,groq,1154,1,0.22580909729003906,အနုတ်အတိုးနှုန်း နဲ့ ပတ်သက်တဲ့ ကုန်သွယ်မှု စည်းမျဉ်းတွေကို စစ်ဆေးချင်ပါတယ်။,0.6825419664382935,0.7949461936950684,True,True,approved,
KO-FIN-01561,tgl_Latn,부실채권 정리기금이 무엇인지 설명해 주세요.,-0.1093281209468841,-0.0572831630706787,0.4744864404201507,0.7629752159118652,Ipaliwanag sa akin kung ano ang disaster fund.,부실채권 정리기금,Pondo para sa Paglutas ng Masamang Utang,groq,189,1,0.19310317933559418,Ipaliwanag mo kung ano ang Pondo para sa Paglutas ng Masamang Utang.,0.6346169710159302,0.8117230534553528,True,True,approved,
KO-FIN-00085,mya_Mymr,강세장이 무엇을 의미하나요?,-0.1089492440223693,-0.073490023612976,0.5539885759353638,0.5959248542785645,ခိုင်မာတဲ့ မြို့ကြီးဆိုတာက ဘာကိုဆိုလိုတာလဲ။,강세장,အမြင့်တက်စျေးကွက်,groq,1103,1,0.24997340142726898,အမြင့်တက်စျေးကွက် က ဘာကိုဆိုလိုတာလဲ။,0.7670891284942627,0.5513296723365784,True,False,abstain,labse_up=False
KO-FIN-05275,mya_Mymr,대출 상환일을 지나면 어떤 불이익이 있나요?,-0.1063219904899597,-0.1370511651039123,0.7193229794502258,0.679985761642456,ချေးငွေ ပြန်ဆပ်တဲ့နေ့လွန်ရင် ဘယ်လိုအကျိုးဆက်တွေရှိလဲ။,상환,အကြွေးပြန်ဆပ်ခြင်း,groq,1279,1,0.45842117071151733,ချေးငွေ အကြွေးပြန်ဆပ်ခြင်း ရက်လွန်ရင် ဘယ်လိုအကျိုးဆက်တွေရှိလဲ။,0.8004659414291382,0.812670111656189,True,True,approved,
KO-FIN-01569,mya_Mymr,부실채권정리기금채권이 무엇인지 설명해 주세요.,-0.1045525074005127,-0.0502945780754089,0.444360613822937,0.7479084134101868,ချေးငွေချေးငွေဆိုတာ ဘာလဲဆိုတာ ရှင်းပြပေးပါဦး။,부실채권정리기금채권,အကြွေးမကောင်း စီမံရေး ရန်ပုံငွေ အတိုး,groq,150,1,0.32919108867645264,အကြွေးမကောင်း စီမံရေး ရန်ပုံငွေ အတိုး ဆိုတာ ဘာလဲဆိုတာ ရှင်းပြပေးပါဦး။,0.5818982720375061,0.7173475027084351,True,False,abstain,labse_up=False
KO-FIN-02309,mya_Mymr,영시조항이 무엇을 의미하나요?,-0.10430508852005,-0.1124987006187439,0.52674400806427,0.5941510200500488,အင်္ဂလိပ်ဥပဒေက ဘာကိုဆိုလိုတာလဲ။,영시조항,အချိန်သုည စည်းမျဉ်း,groq,928,1,0.3275703191757202,အချိန်သုည စည်းမျဉ်း က ဘာကိုဆိုလိုတာလဲ။,0.5525851845741272,0.6974166035652161,True,True,approved,
KO-FIN-02661,tgl_Latn,이익잉여금이 무엇을 의미하나요?,-0.1011129021644592,-0.038589060306549,0.5570177435874939,0.8726840615272522,Ano ang ibig sabihin ng bonus sa kita?,이익잉여금,kinita na hindi pa naipamahagi,groq,672,1,0.1951083540916443,Ano ang ibig sabihin ng kinita na hindi pa naipamahagi?,0.4990208148956299,,False,False,abstain,comet_up=False (LaBSE 생략)
KO-FIN-03262,tgl_Latn,증권거래세와 관련된 시장 정보를 확인하고 싶습니다.,-0.1004680395126342,-0.0829397439956665,0.5403019189834595,0.8438814878463745,Gusto kong suriin ang impormasyon ng merkado tungkol sa buwis sa stock market.,증권거래세,buwis sa transaksyon ng mga securities,groq,694,1,0.47887206077575684,Gusto kong suriin ang impormasyon ng merkado na nauugnay sa buwis sa transaksyon ng mga securities.,0.768494725227356,0.9522327780723572,True,True,approved,
KO-FIN-01206,mya_Mymr,매매중지장치와 관련된 시장 정보를 확인하고 싶습니다.,-0.1003553867340087,-0.0867564678192138,0.5668923854827881,0.6438254117965698,စျေးကွက်ဆိုင်ရာ အချက်အလက်တွေကို ကြည့်ချင်ပါတယ်။,매매중지장치,စျေးကွက် အတားအဆီး,groq,449,1,0.431129515171051,စျေးကွက် အတားအဆီး နဲ့ ပတ်သက်တဲ့ စျေးကွက် အချက်အလက်တွေကို စစ်ဆေးချင်ပါတယ်။,0.5739244222640991,0.7372099161148071,True,True,approved,
KO-FIN-00867,tgl_Latn,내부유보와 관련해 투자 전에 확인해야 할 사항이 있나요?,-0.0990335941314697,-0.128911554813385,0.5278167128562927,0.7755377888679504,Mayroon bang mga bagay na dapat mong suriin bago mag-invest tungkol sa mga insider?,내부유보,pinag-iipong kita,groq,813,1,0.26600098609924316,Mayroon bang mga bagay na dapat mong suriin bago mamuhunan tungkol sa pinag-iipong kita?,0.5770378112792969,0.8300864696502686,True,True,approved,
KO-FIN-00164,tgl_Latn,결산은 기준 시점과 작성 기준을 함께 확인해야 합니다.,-0.0953847765922546,-0.0399698019027709,0.519334614276886,0.7381498217582703,Ang pagbabayad ay dapat kumpirmahin kasama ang mga pamantayan ng oras at ang mga pamantayan ng pagsulat.,결산,pagsasara ng mga libro,groq,1256,1,0.3274120092391968,Ang pagsasara ng mga libro ay dapat na i-verify kasama ang mga pamantayan ng oras at mga pamantayan ng pagsulat.,0.5293309688568115,0.7358332276344299,True,False,abstain,labse_up=False
KO-FIN-00483,tgl_Latn,국민주와 관련해 투자 전에 확인해야 할 사항이 있나요?,-0.0926081538200378,-0.0432273745536804,0.5191625356674194,0.8467439413070679,Mayroon bang mga bagay na dapat mong suriin bago mamuhunan tungkol sa mga shareholder?,국민주,stock ng mamamayan,groq,1112,1,0.42218017578125,Mayroon bang mga bagay na dapat mong suriin bago mamuhunan tungkol sa stock ng mamamayan?,0.5540745258331299,0.853577196598053,True,True,approved,
KO-FIN-02295,mya_Mymr,연속결제 과정에서 문제가 발생한 것 같습니다.,-0.0923656821250915,-0.1834441423416137,0.5478371977806091,0.6140453219413757,ဆက်တိုက်ဖြေရှင်းမှုမှာ ပြဿနာတစ်ခု ရှိပုံရတယ်။,연속결제,အဆက်မပြတ်ပေးချေမှု,groq,925,1,0.3184187710285187,အဆက်မပြတ်ပေးချေမှု လုပ်နေတုန်း ပြဿနာတစ်ခု ဖြစ်နေပုံရတယ်။,0.8288109302520752,0.7196468114852905,True,True,approved,
KO-FIN-00796,tgl_Latn,기본적분석의 결과는 사용한 가정과 시장 데이터에 따라 달라질 수 있습니다.,-0.0909590721130371,-0.049503743648529,0.7349992990493774,0.9099525213241576,Ang mga resulta ng pangunahing pag-aaral ay maaaring mag-iiba depende sa mga pang-aakala at data ng merkado na ginamit.,기본적분석,pundamental na pagsusuri,groq,600,1,0.3606676161289215,Ang mga resulta ng pundamental na pagsusuri ay maaaring mag-iiba depende sa mga pinag-aasang data at merkado na ginamit.,0.8096132278442383,0.9032405614852905,True,False,abstain,labse_up=False
KO-FIN-03583,tgl_Latn,청산결제시스템 과정에서 문제가 발생한 것 같습니다.,-0.0879729390144348,-0.0631083846092224,0.5015118718147278,0.7529737949371338,Parang may problema sa cleaning system.,청산결제시스템,sistema ng paglilinis at pag-aayos,groq,369,1,0.6475062966346741,Mukhang may problema sa sistema ng paglilinis at pag-aayos.,0.5070644617080688,0.768199622631073,True,True,approved,
KO-FIN-02437,tgl_Latn,우리사주조합이 무엇인지 설명해 주세요.,-0.0878689289093017,-0.1236748695373535,0.4977411031723022,0.6028234958648682,Ipaliwanag sa akin kung ano ang aming korporasyon.,우리사주조합,Samahan ng Pagmamay-ari ng Stock ng mga Empleyado,groq,495,1,0.2206522524356842,Ipaliwanag mo kung ano ang Samahan ng Pagmamay-ari ng Stock ng mga Empleyado.,0.46077588200569153,,False,False,abstain,comet_up=False (LaBSE 생략)
KO-FIN-03847,tgl_Latn,특별결의와 관련해 투자 전에 확인해야 할 사항이 있나요?,-0.0872086286544799,-0.0721821784973144,0.6092937588691711,0.8378074169158936,Mayroon bang mga bagay na dapat mong suriin bago mag-invest tungkol sa mga espesyal na desisyon?,특별결의,espesyal na resolusyon,groq,1050,1,0.4654395580291748,Mayroon bang mga bagay na dapat mong suriin bago mamuhunan tungkol sa espesyal na resolusyon?,0.6356180310249329,0.9217517971992493,True,True,approved,
KO-FIN-02150,mya_Mymr,실기주 처리 절차를 확인하고 싶습니다.,-0.0852549076080322,-0.2943504452705383,0.5580346584320068,0.5009094476699829,ကျွန်တော်တို့ရဲ့ လက်ရှိ စီမံခန့်ခွဲမှု လုပ်ငန်းစဉ်ကို စစ်ဆေးချင်ပါတယ်။,실기주,မှတ်ပုံတင်မထားသောအစုရှယ်ယာ,groq,1152,1,0.14297166466712952,မှတ်ပုံတင်မထားသောအစုရှယ်ယာ ကို စစ်ဆေးချင်ပါတယ်။,0.501191258430481,,False,False,abstain,comet_up=False (LaBSE 생략)
KO-FIN-02460,mya_Mymr,원본위험은 거래 조건이나 이용 가능 여부에 영향을 줄 수 있습니다.,-0.0849455595016479,-0.1935532689094543,0.6091504096984863,0.6970071196556091,မူလအန္တရာယ်က ကုန်သွယ်မှု အခြေအနေတွေ (သို့) သုံးစွဲမှုအပေါ် သက်ရောက်မှုရှိနိုင်တယ်။,원본위험,မူလအန္တရာယ်,groq,942,1,0.4515027105808258,မူလအန္တရာယ် ဟာ ကုန်သွယ်မှု အခြေအနေတွေ (သို့) သုံးစွဲမှုအပေါ် သက်ရောက်မှုရှိနိုင်ပါတယ်။,0.7142999768257141,0.8503221273422241,True,True,approved,
KO-FIN-03567,tgl_Latn,채무불이행위험을 줄이려면 어떤 점을 확인해야 하나요?,-0.0836994647979736,-0.0671284198760986,0.5656399726867676,0.7417581081390381,Ano ang dapat mong suriin upang mabawasan ang panganib ng pagkalugi?,채무불이행위험,panganib ng default,groq,368,1,0.37795424461364746,Ano ang dapat kong suriin upang mabawasan ang panganib ng default?,0.7897383570671082,0.8530252575874329,True,True,approved,
KO-FIN-03583,mya_Mymr,청산결제시스템 과정에서 문제가 발생한 것 같습니다.,-0.0822962522506713,-0.0964682698249816,0.5463844537734985,0.7179613709449768,ရှင်းလင်းရေး စနစ်မှာ ပြဿနာတစ်ခု ရှိပုံရတယ်။,청산결제시스템,သန့်ရှင်းနှင့် အဆောင်အပွဲ စနစ်,groq,369,1,0.4058706760406494,သန့်ရှင်းနှင့် အဆောင်အပွဲ စနစ် လုပ်နေတုန်း ပြဿနာတစ်ခု ဖြစ်နေပုံရတယ်။,0.5343220233917236,,False,False,abstain,comet_up=False (LaBSE 생략)
KO-FIN-03060,mya_Mymr,제로베타 포트폴리오의 결과는 사용한 가정과 시장 데이터에 따라 달라질 수 있습니다.,-0.0791104435920715,-0.0668725967407226,0.6883165240287781,0.8870067596435547,Jerobeta ရဲ့ ရလဒ်တွေဟာ သုံးထားတဲ့ ယူဆချက်တွေနဲ့ ဈေးကွက် ဒေတာကို အခြေခံပြီး ကွဲပြားနိုင်ပါတယ်။,제로베타 포트폴리오,ဇီရို-ဘီတာ ပေါ်ဖိုလီယို,groq,164,1,0.15430948138237,ဇီရို-ဘီတာ ပေါ်ဖိုလီယို ၏ ရလဒ်များသည် အသုံးပြုသော ယူဆချက်နှင့် ဈေးကွက် ဒေတာပေါ် မူတည်၍ ကွဲပြားနိုင်သည်။,0.7317119836807251,0.9751511812210083,True,True,approved,
KO-FIN-00738,tgl_Latn,금융통화운영위원회에서 이용할 수 있는 금융업무는 무엇인가요?,-0.0788512527942657,-0.0776970982551574,0.4629692137241363,0.6732974648475647,Ano ang mga tungkulin sa pananalapi na magagamit sa PMA?,금융통화운영위원회,Lupon ng Pananalapi,groq,181,1,0.10221675783395767,Ano ang mga serbisyo sa pananalapi na magagamit sa Lupon ng Pananalapi?,0.5717990398406982,0.7911901473999023,True,True,approved,
KO-FIN-02765,mya_Mymr,일반담보물이 무엇인지 설명해 주세요.,-0.0778917074203491,-0.0270088911056518,0.5308108329772949,0.6293272972106934,အထွေထွေ သတင်းအချက်အလက်ဆိုတာ ဘာလဲဆိုတာ ရှင်းပြပေးပါဦး။,일반담보물,အထွေထွေ အာမခံပစ္စည်း,groq,678,1,0.431506484746933,အထွေထွေ အာမခံပစ္စည်း ဆိုတာ ဘာလဲဆိုတာ ရှင်းပြပေးပါဦး။,0.7711758613586426,0.762711763381958,True,True,approved,
KO-FIN-00525,mya_Mymr,국제보관기관이 무엇인지 설명해 주세요.,-0.0778236389160156,-0.2239904403686523,0.7315877676010132,0.7073601484298706,အပြည်ပြည်ဆိုင်ရာ လုံခြုံရေး အေဂျင်စီဆိုတာ ဘာလဲဆိုတာ ရှင်းပြပေးပါဦး။,국제보관기관,အပြည်ပြည်ဆိုင်ရာ အမူအရာ စောင့်ရှောက်ရေး အဖွဲ့,groq,419,1,0.43265658617019653,အပြည်ပြည်ဆိုင်ရာ အမူအရာ စောင့်ရှောက်ရေး အဖွဲ့ ဆိုတာ ဘာလဲဆိုတာ ရှင်းပြပေးပါဦး။,0.664315938949585,,False,False,abstain,comet_up=False (LaBSE 생략)
KO-FIN-00619,tgl_Latn,근저당을 이용할 때 필요한 서류는 무엇인가요?,-0.0758275985717773,-0.1427445411682129,0.5129331350326538,0.7912640571594238,Ano ang mga dokumento na kailangan mo upang magamit ang base room?,근저당,hipoteca,groq,1115,1,0.17688198387622833,Anong mga dokumento ang kailanganin kapag gumagamit ka ng hipoteca?,0.7295070886611938,0.8065170645713806,True,True,approved,
KO-FIN-04098,mya_Mymr,현물출자와 관련된 정보를 확인하고 싶습니다.,-0.0748634338378906,-0.1297928094863891,0.5724976062774658,0.6089894771575928,ဒီပစ္စည်းထုတ်သူနဲ့ ပတ်သက်တဲ့ သတင်းအချက်အလက်တွေကို စစ်ဆေးချင်တယ်။,현물출자,အကြွေးမဲ့ပေးအပ်မှု,groq,1070,1,-0.008421158418059349,အကြွေးမဲ့ပေးအပ်မှု နဲ့ ပတ်သက်တဲ့ အချက်အလက်တွေကို စစ်ဆေးချင်ပါတယ်။,0.6506402492523193,0.7105411291122437,True,True,approved,
KO-FIN-04098,tgl_Latn,현물출자와 관련된 정보를 확인하고 싶습니다.,-0.0742998421192169,-0.0783258080482482,0.4912748038768768,0.7775745391845703,Gusto kong suriin ang impormasyon tungkol sa naglalabas ng mga bagay.,현물출자,kontribusyong hindi salapi,groq,1070,1,0.17219877243041992,Gusto kong suriin ang impormasyon tungkol sa kontribusyong hindi salapi.,0.564096212387085,0.7179585695266724,True,False,abstain,labse_up=False
KO-FIN-03178,mya_Mymr,주주와 관련된 정보를 확인하고 싶습니다.,-0.073097825050354,-0.1808822154998779,0.7586212158203125,0.7027039527893066,ရှယ်ယာရှင်တွေနဲ့ ပတ်သက်တဲ့ အချက်အလက်တွေကို စစ်ဆေးချင်ပါတယ်။,주주,ရှယ်ယာရှင်,groq,1288,1,0.40576669573783875,ရှယ်ယာရှင် နဲ့ ပတ်သက်တဲ့ အချက်အလက်တွေကို စစ်ဆေးချင်ပါတယ်။,0.8627440929412842,0.8684707283973694,True,True,approved,
KO-FIN-00999,mya_Mymr,대금지급보증시스템 과정에서 문제가 발생한 것 같습니다.,-0.0730561017990112,-0.09924978017807,0.611880362033844,0.652988851070404,ငွေကြေးထောက်ပံ့မှု စနစ်မှာ ပြဿနာတစ်ခု ရှိပုံရတယ်။,대금지급보증시스템,အာမခံငွေပေးချေမှုစနစ်,groq,182,1,0.5160139203071594,အာမခံငွေပေးချေမှုစနစ် လုပ်နေတုန်း ပြဿနာတစ်ခု ဖြစ်နေပုံရတယ်။,0.6493589282035828,0.902901828289032,True,True,approved,
KO-FIN-02200,tgl_Latn,쌍방연계방식의 정확한 의미는 해당 금융거래의 맥락과 함께 확인해야 합니다.,-0.072745680809021,-0.0650132894515991,0.5998836755752563,0.7842847108840942,Ang eksaktong kahulugan ng dalawang panig na komunikasyon ay dapat na matukoy sa konteksto ng kalakalan sa pananalapi.,쌍방연계방식,dalawang-daan na koneksyon,groq,486,1,0.3772801160812378,Ang eksaktong kahulugan ng dalawang-daan na koneksyon ay dapat patunayan sa konteksto ng kalakalan sa pananalapi.,0.6461145877838135,0.8883311152458191,True,True,approved,
KO-FIN-02105,tgl_Latn,신주인수권증권이 무엇인지 설명해 주세요.,-0.071586936712265,-0.1419222354888916,0.4507663547992706,0.6549990177154541,Ipaliwanag sa akin kung ano ang isang bagong pasaporte.,신주인수권증권,warrant,groq,343,1,0.19245432317256927,Ipaliwanag mo kung ano ang warrant.,0.554241955280304,0.5217510461807251,True,False,abstain,labse_up=False
KO-FIN-02334,mya_Mymr,예탁자 처리 절차를 확인하고 싶습니다.,-0.0700547099113464,-0.3772757649421692,0.5207147598266602,0.4225514531135559,အပ်နှင်းရေး လုပ်ငန်းစဉ်ကို စစ်ဆေးချင်တယ်။,예탁자,အပ်ငွေသိုလှောင်သူ,groq,1157,1,-0.026891931891441345,အပ်ငွေသိုလှောင်သူ ကို စစ်ဆေးချင်ပါတယ်။,0.5630528330802917,0.6038858890533447,True,True,approved,
KO-FIN-00978,tgl_Latn,당일결제거래와 관련된 시장 정보를 확인하고 싶습니다.,-0.069664180278778,-0.0965666770935058,0.5119302868843079,0.7909408807754517,Gusto kong suriin ang impormasyon ng merkado na nauugnay sa mga kalakalan sa araw-araw.,당일결제거래,transaksyon na bayad sa parehong araw,groq,439,1,0.44964879751205444,Gusto kong suriin ang impormasyon ng merkado na nauugnay sa transaksyon na bayad sa parehong araw.,0.7516538500785828,0.9157499074935913,True,True,approved,
KO-FIN-01361,mya_Mymr,발기인이 무엇인지 설명해 주세요.,-0.0694857239723205,-0.34322190284729,0.5290654301643372,0.4439517259597778,Valkyrie ဆိုတာ ဘာလဲဆိုတာ ရှင်းပြပေးပါဦး။,발기인,တည်ထောင်သူ,groq,1127,1,0.048216983675956726,တည်ထောင်သူ ဆိုတာ ဘာလဲဆိုတာ ရှင်းပြပေးပါဦး။,0.7020397186279297,0.8336862325668335,True,True,approved,
KO-FIN-03451,tgl_Latn,차감결제 과정에서 문제가 발생한 것 같습니다.,-0.0676894783973693,-0.1383423805236816,0.4215653836727142,0.5489989519119263,Mukhang may problema sa pag-aayos.,차감결제,netong pagbayad,groq,1021,1,0.18812799453735352,Mukhang may problema sa netong pagbayad.,0.5419633388519287,0.7810300588607788,True,True,approved,
KO-FIN-03428,tgl_Latn,질권설정자의 적용 여부는 계약 내용과 관련 법령을 확인해야 합니다.,-0.066534548997879,-0.0853993892669677,0.4984173476696014,0.6765934228897095,Dapat mong suriin ang nilalaman ng kontrata at ang mga regulasyon na nauugnay upang malaman kung ang mga tagabuo ng kalidad ay naaangkop.,질권설정자,nagpapa-utang,groq,702,1,0.2328421175479889,Dapat mong suriin ang nilalaman ng nagpapa-utang at ang mga kaugnay na batas.,0.5136715769767761,0.7202928066253662,True,True,approved,
KO-FIN-01361,tgl_Latn,발기인이 무엇인지 설명해 주세요.,-0.0651111304759979,-0.1609728336334228,0.4321857392787933,0.6758974194526672,Ipaliwanag sa akin kung ano ang balgin.,발기인,tagapagtatag,groq,1127,1,0.017233073711395264,Ipaliwanag mo kung ano ang tagapagtatag.,0.5534660816192627,0.9250646829605103,True,True,approved,
KO-FIN-01448,tgl_Latn,법정대위의 적용 여부는 계약 내용과 관련 법령을 확인해야 합니다.,-0.0649002194404602,-0.1632120013236999,0.5155651569366455,0.6599544882774353,Dapat mong suriin kung ang mga kontrata ay may kinalaman o hindi at kung ano ang mga batas na may kinalaman.,법정대위,subrogasyon,groq,852,1,0.13166320323944092,Dapat mong suriin ang nilalaman ng subrogasyon at ang mga kaugnay na batas.,0.5330224633216858,0.6584569215774536,True,False,abstain,labse_up=False
KO-FIN-03489,mya_Mymr,창고증권이 무엇인지 설명해 주세요.,-0.059514582157135,-0.0813651084899902,0.6027014255523682,0.6447877287864685,လက်မှတ်ဆိုတာ ဘာလဲဆိုတာ ရှင်းပြပေးပါဦး။,창고증권,ဂိုဒေါင်လက်မှတ်,groq,1026,1,0.20090115070343018,ဂိုဒေါင်လက်မှတ် ဆိုတာ ဘာလဲဆိုတာ ရှင်းပြပေးပါဦး။,0.6270377039909363,0.8114413619041443,True,True,approved,
KO-FIN-03428,mya_Mymr,질권설정자의 적용 여부는 계약 내용과 관련 법령을 확인해야 합니다.,-0.0532748103141784,-0.0269117951393127,0.5268860459327698,0.7559359669685364,အရည်အသွေးသတ်မှတ်သူက စာချုပ်ရဲ့ အကြောင်းအရာနဲ့ သက်ဆိုင်တဲ့ ဥပဒေတွေကို စစ်ဆေးဖို့လိုတယ်။,계약,စာချုပ်,groq,1258,1,0.32077154517173767,အရည်အသွေး ထိန်းချုပ်သူ။ ကို အသုံးပြုရန်အတွက် စာချုပ် ၏ အကြောင်းအရာနှင့် သက်ဆိုင်သော ဥပဒေများကို စစ်ဆေးရန် လိုအပ်ပါသည်။,0.583500862121582,0.7730467319488525,True,True,approved,
KO-FIN-02590,tgl_Latn,유상증자와 관련된 정보를 확인하고 싶습니다.,-0.0527979135513305,-0.0317703485488891,0.5012562870979309,0.7723835110664368,Gusto kong suriin ang impormasyon tungkol sa mga sintomas.,유상증자,pagtaas ng kapital na may bayad,groq,953,1,0.1339360624551773,Gusto kong suriin ang impormasyon tungkol sa pagtaas ng kapital na may bayad.,0.5562402009963989,0.7034027576446533,True,False,abstain,labse_up=False
KO-FIN-01278,mya_Mymr,무담보사채의 조건과 수익 구조를 확인하고 싶습니다.,-0.050872266292572,-0.0582817196846008,0.5608334541320801,0.6873832941055298,ငွေကြေးဆိုင်ရာ စည်းမျဉ်းစည်းကမ်းတွေနဲ့ ဝင်ငွေ တည်ဆောက်ပုံတွေကို ကြည့်ချင်တယ်။,무담보사채,အာမခံမရှိဘဏ္ဍာရေးအကြွေးစာချုပ်,groq,622,1,0.2735975980758667,အာမခံမရှိဘဏ္ဍာရေးအကြွေးစာချုပ် ရဲ့ အခြေအနေနဲ့ ဝင်ငွေ တည်ဆောက်ပုံကို စစ်ဆေးချင်ပါတယ်။,0.7824956774711609,0.7008647322654724,True,True,approved,
KO-FIN-02437,mya_Mymr,우리사주조합이 무엇인지 설명해 주세요.,-0.0494387149810791,-0.0447874069213867,0.5222591161727905,0.8631340265274048,ရှယ်ယာရှင်အဖွဲ့အစည်းဆိုတာ ဘာလဲဆိုတာ ရှင်းပြပေးပါဦး။,우리사주조합,အလုပ်သမား စတော့ရှယ်ယာ ပိုင်ဆိုင်မှု အဖွဲ့,groq,495,1,0.3445965647697449,အလုပ်သမား စတော့ရှယ်ယာ ပိုင်ဆိုင်မှု အဖွဲ့ ဆိုတာ ဘာလဲဆိုတာ ရှင်းပြပေးပါဦး။,0.5525091886520386,0.7134940028190613,True,False,abstain,labse_up=False
KO-FIN-02661,mya_Mymr,이익잉여금이 무엇을 의미하나요?,-0.046200156211853,-0.0631303787231445,0.849126935005188,0.7675085067749023,အကျိုးအမြတ်အပိုဆိုတာက ဘာကိုဆိုလိုတာလဲ။,이익잉여금,အကျိုးအမြတ် စုစည်းငွေ,groq,672,1,0.38985246419906616,အကျိုးအမြတ် စုစည်းငွေ က ဘာကိုဆိုလိုတာလဲ။,0.881762683391571,0.835435152053833,True,True,approved,
KO-FIN-00675,tgl_Latn,금융감독위원회/금융감독원 때문에 추가로 확인해야 할 사항이 있나요?,-0.0457489490509033,-0.25204598903656,0.5008412003517151,0.7004975080490112,Mayroon bang karagdagang mga bagay na kailangan kong suriin dahil sa Kapamunuan ng Pangkalahatang Pananalapi/Kapamunuan ng Pangkalahatang Pangkalahatang Pananalapi?,금융감독위원회/금융감독원,Komisyon sa Pagsusuperbisa ng Pananalapi,groq,59,1,0.1202237531542778,Mayroon bang karagdagang bagay na dapat kong suriin dahil sa Komisyon sa Pagsusuperbisa ng Pananalapi?,0.6156483888626099,0.9121572375297546,True,True,approved,
KO-FIN-00234,mya_Mymr,겸업주의에서 이용할 수 있는 금융업무는 무엇인가요?,-0.045038878917694,-0.0937722325325012,0.60016268491745,0.7037978172302246,ပူးပေါင်းဆောင်ရွက်မှုစနစ်မှာ သုံးနိုင်တဲ့ ဘဏ္ဍာရေး အလုပ်တွေက ဘာတွေလဲ။,겸업주의,အပြည့်အဝဘဏ်စနစ်,groq,770,1,0.2956293821334839,အပြည့်အဝဘဏ်စနစ် မှာ သုံးနိုင်တဲ့ ဘဏ္ဍာရေးလုပ်ငန်းတွေက ဘာတွေလဲ။,0.5643458366394043,,False,False,abstain,comet_up=False (LaBSE 생략)
KO-FIN-00993,tgl_Latn,대권이 무엇인지 설명해 주세요.,-0.0418884754180908,-0.0753616094589233,0.5267394781112671,0.7979108691215515,Ipaliwanag kung ano ang karapatan.,대권,pandaigdig na sertipiko,groq,1268,1,0.0759468674659729,Ipaliwanag mo kung ano ang pandaigdig na sertipiko.,0.5068877339363098,,False,False,abstain,comet_up=False (LaBSE 생략)
KO-FIN-02105,mya_Mymr,신주인수권증권이 무엇인지 설명해 주세요.,-0.0406880974769592,-0.0900230407714843,0.5797708034515381,0.6710392236709595,လိုင်စင်သစ်ဆိုတာ ဘာလဲဆိုတာ ရှင်းပြပေးပါဦး။,신주인수권증권,အစုရှယ်ယာဝယ်ယူခွင့်လက်မှတ်,groq,343,1,0.2601078152656555,အစုရှယ်ယာဝယ်ယူခွင့်လက်မှတ် ဆိုတာ ဘာလဲဆိုတာ ရှင်းပြပေးပါဦး။,0.8585031628608704,0.8625391721725464,True,True,approved,
KO-FIN-03298,tgl_Latn,증권선물위원회 처리 절차를 확인하고 싶습니다.,-0.0349644124507904,-0.0393896102905273,0.4923742711544037,0.749111533164978,Gusto kong suriin ang proseso ng SEC.,증권선물위원회,Komisyon sa Securities at Futures,groq,365,1,0.31937605142593384,Gusto kong suriin ang proseso ng pagproseso.,0.4923741817474365,,False,False,abstain,comet_up=False (LaBSE 생략)
KO-FIN-03406,mya_Mymr,직접점유 처리 절차를 확인하고 싶습니다.,-0.0339950919151306,-0.3555039763450622,0.5308166146278381,0.3121131062507629,ကျွန်တော်တို့ရဲ့ တိုက်ရိုက် ပိုင်ဆိုင်မှု လုပ်ငန်းစဉ်ကို စစ်ဆေးချင်ပါတယ်။,직접점유,တိုက်ရိုက်ပိုင်ဆိုင်မှု,groq,1016,1,0.4681771695613861,တိုက်ရိုက်ပိုင်ဆိုင်မှု ကို စစ်ဆေးချင်ပါတယ်။,0.5536230206489563,0.616783618927002,True,True,approved,
KO-FIN-01175,tgl_Latn,만기보유전략과 관련된 투자 정보를 확인하고 싶습니다.,-0.0325849056243896,-0.0445612072944641,0.5018844604492188,0.8201776742935181,Nais kong suriin ang impormasyon ng pamumuhunan na nauugnay sa mga diskarte sa pag-iingat ng buhay.,만기보유전략,estratehiya ng pagbili at paghawak,groq,446,1,0.38583266735076904,Gusto kong suriin ang impormasyon ng pamumuhunan na nauugnay sa estratehiya ng pagbili at paghawak.,0.5023635625839233,0.7851508855819702,True,False,abstain,labse_up=False
KO-FIN-03451,mya_Mymr,차감결제 과정에서 문제가 발생한 것 같습니다.,-0.0320470929145813,-0.2445806860923767,0.5207355618476868,0.4143726229667663,အေးဆေးတဲ့ ဖြေရှင်းမှုမှာ ပြဿနာတစ်ခု ရှိပုံရတယ်။,차감결제,အကြွေးချုပ်ငွေပေးချေမှု,groq,1021,1,0.20392334461212158,အကြွေးချုပ်ငွေပေးချေမှု လုပ်နေတုန်း ပြဿနာတစ်ခု ဖြစ်နေပုံရတယ်။,0.7461776733398438,0.8955980539321899,True,True,approved,
KO-FIN-05185,mya_Mymr,VP이 무엇인지 설명해 주세요.,-0.0318325161933898,-0.5076636672019958,0.8632948994636536,0.4911143183708191,VP ဆိုတာ ဘာလဲဆိုတာ ရှင်းပြပေးပါဦး။,VP,ဗီပီ,groq,1304,1,0.4641376733779907,ဗီပီ ဆိုတာ ဘာလဲဆိုတာ ရှင်းပြပေးပါဦး။,0.8802129626274109,0.8067325949668884,True,True,approved,
KO-FIN-00389,tgl_Latn,공사채등록법이 무엇인지 설명해 주세요.,-0.0306894779205322,-0.2509645819664001,0.4453275799751282,0.6045445203781128,Ipaliwanag sa akin kung ano ang pagrehistro ng utang sa publiko.,공사채등록법,Batas sa Pagpaparehistro ng Pampublikong Obligasyon,groq,408,1,0.5402436256408691,Ipaliwanag mo kung ano ang Batas sa Pagpaparehistro ng Pampublikong Obligasyon.,0.5388915538787842,0.6803946495056152,True,True,approved,
KO-FIN-05123,mya_Mymr,tax call option과 관련된 납부 내역을 확인하고 싶습니다.,-0.0299773216247558,-0.135628342628479,0.8406544923782349,0.7350262999534607,tax call option နဲ့ ပတ်သက်တဲ့ ငွေပေးချေမှု အချက်အလက်တွေကို စစ်ဆေးချင်ပါတယ်။,tax call option,အခွန်ကောလ်အော့ပရှင်,groq,52,1,0.2954287528991699,အခွန်ကောလ်အော့ပရှင် နဲ့ ဆက်စပ်နေတဲ့ ငွေပေးချေမှု အချက်အလက်တွေကို စစ်ဆေးချင်ပါတယ်။,0.8500908613204956,0.7765947580337524,True,True,approved,
KO-FIN-05275,tgl_Latn,대출 상환일을 지나면 어떤 불이익이 있나요?,-0.026315152645111,-0.0300260186195373,0.6385306119918823,0.8295558094978333,Ano ang mga disbentaha kapag lumipas ang petsa ng pagbabayad ng utang?,상환,pagbawi,groq,1279,1,0.26502686738967896,Ano ang mga disbentaha kapag tapos na ang loan pagbawi araw?,0.6742324829101562,0.829555869102478,True,True,approved,
KO-FIN-03466,mya_Mymr,차변이체 또는 추심시스템을 이용하려면 어떻게 해야 하나요?,-0.0251334309577941,-0.1367404460906982,0.4940637946128845,0.690926194190979,ကားအပြောင်းအလဲ (သို့) အာရုံစိုက်မှုစနစ်ကို သုံးဖို့ ဘာလုပ်ရမလဲ။,차변이체 또는 추심시스템,ဒေဘစ်လွှဲပြောင်းစနစ်,groq,62,1,0.24820749461650848,ဒေဘစ်လွှဲပြောင်းစနစ် ကို သုံးဖို့ ဘယ်လိုလုပ်ရမလဲ။,0.5530694127082825,0.437298059463501,True,False,abstain,labse_up=False
KO-FIN-03379,tgl_Latn,지정시점결제시스템 과정에서 문제가 발생한 것 같습니다.,-0.023727148771286,-0.0908113718032836,0.4781821668148041,0.6689841747283936,Mukhang may problema sa sistema ng pag-decide sa isang lugar.,지정시점결제시스템,sistemang takdang oras ng pagbayad,groq,201,1,0.399097204208374,Mukhang may problema sa sistemang takdang oras ng pagbayad.,0.5723754167556763,0.6640917062759399,True,False,abstain,labse_up=False
KO-FIN-00483,mya_Mymr,국민주와 관련해 투자 전에 확인해야 할 사항이 있나요?,-0.0212580561637878,-0.0592353343963623,0.6200920343399048,0.8011797666549683,ရင်းနှီးမြှုပ်နှံမှု မလုပ်ခင် နိုင်ငံပိုင်ရှင်တွေနဲ့ ပတ်သက်ပြီး စစ်ဆေးဖို့လိုတာ တစ်ခုခုရှိလား။,국민주,ပြည်သူ့စတော့ရှယ်ယာ,groq,1112,1,0.2694510221481323,ပြည်သူ့စတော့ရှယ်ယာ နဲ့ပတ်သက်ပြီး ရင်းနှီးမြှုပ်နှံမှု မလုပ်ခင် သေချာဖို့ အချက်တွေရှိလား။,0.8600354194641113,0.8239964246749878,True,True,approved,
